"","fname1","fnamenoext","resize","no","category","newname","transp","blur","catord","trans_order","realnumber"
"1","resize_20_person_box_null.jpg","resize_20_person_box_null","resize","20","person","1_person_box_null","box","null",1,1,1
"2","resize_20_person_empty_H.jpg","resize_20_person_empty_H","resize","20","person","1_person_empty_H","empty","H",1,2,1
"3","resize_20_person_empty_L.jpg","resize_20_person_empty_L","resize","20","person","1_person_empty_L","empty","L",1,2,1
"4","resize_20_person_empty_M.jpg","resize_20_person_empty_M","resize","20","person","1_person_empty_M","empty","M",1,2,1
"5","resize_20_person_full_null.jpg","resize_20_person_full_null","resize","20","person","1_person_full_null","full","null",1,0,1
"6","resize_20_person_trans_H.jpg","resize_20_person_trans_H","resize","20","person","1_person_trans_H","trans","H",1,3,1
"7","resize_20_person_trans_L.jpg","resize_20_person_trans_L","resize","20","person","1_person_trans_L","trans","L",1,3,1
"8","resize_20_person_trans_M.jpg","resize_20_person_trans_M","resize","20","person","1_person_trans_M","trans","M",1,3,1
"9","resize_26_person_box_null.jpg","resize_26_person_box_null","resize","26","person","5_person_box_null","box","null",1,1,5
"10","resize_26_person_empty_H.jpg","resize_26_person_empty_H","resize","26","person","5_person_empty_H","empty","H",1,2,5
"11","resize_26_person_empty_L.jpg","resize_26_person_empty_L","resize","26","person","5_person_empty_L","empty","L",1,2,5
"12","resize_26_person_empty_M.jpg","resize_26_person_empty_M","resize","26","person","5_person_empty_M","empty","M",1,2,5
"13","resize_26_person_full_null.jpg","resize_26_person_full_null","resize","26","person","5_person_full_null","full","null",1,0,5
"14","resize_26_person_trans_H.jpg","resize_26_person_trans_H","resize","26","person","5_person_trans_H","trans","H",1,3,5
"15","resize_26_person_trans_L.jpg","resize_26_person_trans_L","resize","26","person","5_person_trans_L","trans","L",1,3,5
"16","resize_26_person_trans_M.jpg","resize_26_person_trans_M","resize","26","person","5_person_trans_M","trans","M",1,3,5
"17","resize_30_person_box_null.jpg","resize_30_person_box_null","resize","30","person","9_person_box_null","box","null",1,1,9
"18","resize_30_person_empty_H.jpg","resize_30_person_empty_H","resize","30","person","9_person_empty_H","empty","H",1,2,9
"19","resize_30_person_empty_L.jpg","resize_30_person_empty_L","resize","30","person","9_person_empty_L","empty","L",1,2,9
"20","resize_30_person_empty_M.jpg","resize_30_person_empty_M","resize","30","person","9_person_empty_M","empty","M",1,2,9
"21","resize_30_person_full_null.jpg","resize_30_person_full_null","resize","30","person","9_person_full_null","full","null",1,0,9
"22","resize_30_person_trans_H.jpg","resize_30_person_trans_H","resize","30","person","9_person_trans_H","trans","H",1,3,9
"23","resize_30_person_trans_L.jpg","resize_30_person_trans_L","resize","30","person","9_person_trans_L","trans","L",1,3,9
"24","resize_30_person_trans_M.jpg","resize_30_person_trans_M","resize","30","person","9_person_trans_M","trans","M",1,3,9
"25","resize_34_person_box_null.jpg","resize_34_person_box_null","resize","34","person","13_person_box_null","box","null",1,1,13
"26","resize_34_person_empty_H.jpg","resize_34_person_empty_H","resize","34","person","13_person_empty_H","empty","H",1,2,13
"27","resize_34_person_empty_L.jpg","resize_34_person_empty_L","resize","34","person","13_person_empty_L","empty","L",1,2,13
"28","resize_34_person_empty_M.jpg","resize_34_person_empty_M","resize","34","person","13_person_empty_M","empty","M",1,2,13
"29","resize_34_person_full_null.jpg","resize_34_person_full_null","resize","34","person","13_person_full_null","full","null",1,0,13
"30","resize_34_person_trans_H.jpg","resize_34_person_trans_H","resize","34","person","13_person_trans_H","trans","H",1,3,13
"31","resize_34_person_trans_L.jpg","resize_34_person_trans_L","resize","34","person","13_person_trans_L","trans","L",1,3,13
"32","resize_34_person_trans_M.jpg","resize_34_person_trans_M","resize","34","person","13_person_trans_M","trans","M",1,3,13
"33","resize_37_person_box_null.jpg","resize_37_person_box_null","resize","37","person","17_person_box_null","box","null",1,1,17
"34","resize_37_person_empty_H.jpg","resize_37_person_empty_H","resize","37","person","17_person_empty_H","empty","H",1,2,17
"35","resize_37_person_empty_L.jpg","resize_37_person_empty_L","resize","37","person","17_person_empty_L","empty","L",1,2,17
"36","resize_37_person_empty_M.jpg","resize_37_person_empty_M","resize","37","person","17_person_empty_M","empty","M",1,2,17
"37","resize_37_person_full_null.jpg","resize_37_person_full_null","resize","37","person","17_person_full_null","full","null",1,0,17
"38","resize_37_person_trans_H.jpg","resize_37_person_trans_H","resize","37","person","17_person_trans_H","trans","H",1,3,17
"39","resize_37_person_trans_L.jpg","resize_37_person_trans_L","resize","37","person","17_person_trans_L","trans","L",1,3,17
"40","resize_37_person_trans_M.jpg","resize_37_person_trans_M","resize","37","person","17_person_trans_M","trans","M",1,3,17
"41","resize_39_person_box_null.jpg","resize_39_person_box_null","resize","39","person","21_person_box_null","box","null",1,1,21
"42","resize_39_person_empty_H.jpg","resize_39_person_empty_H","resize","39","person","21_person_empty_H","empty","H",1,2,21
"43","resize_39_person_empty_L.jpg","resize_39_person_empty_L","resize","39","person","21_person_empty_L","empty","L",1,2,21
"44","resize_39_person_empty_M.jpg","resize_39_person_empty_M","resize","39","person","21_person_empty_M","empty","M",1,2,21
"45","resize_39_person_full_null.jpg","resize_39_person_full_null","resize","39","person","21_person_full_null","full","null",1,0,21
"46","resize_39_person_trans_H.jpg","resize_39_person_trans_H","resize","39","person","21_person_trans_H","trans","H",1,3,21
"47","resize_39_person_trans_L.jpg","resize_39_person_trans_L","resize","39","person","21_person_trans_L","trans","L",1,3,21
"48","resize_39_person_trans_M.jpg","resize_39_person_trans_M","resize","39","person","21_person_trans_M","trans","M",1,3,21
"49","resize_44_person_box_null.jpg","resize_44_person_box_null","resize","44","person","25_person_box_null","box","null",1,1,25
"50","resize_44_person_empty_H.jpg","resize_44_person_empty_H","resize","44","person","25_person_empty_H","empty","H",1,2,25
"51","resize_44_person_empty_L.jpg","resize_44_person_empty_L","resize","44","person","25_person_empty_L","empty","L",1,2,25
"52","resize_44_person_empty_M.jpg","resize_44_person_empty_M","resize","44","person","25_person_empty_M","empty","M",1,2,25
"53","resize_44_person_full_null.jpg","resize_44_person_full_null","resize","44","person","25_person_full_null","full","null",1,0,25
"54","resize_44_person_trans_H.jpg","resize_44_person_trans_H","resize","44","person","25_person_trans_H","trans","H",1,3,25
"55","resize_44_person_trans_L.jpg","resize_44_person_trans_L","resize","44","person","25_person_trans_L","trans","L",1,3,25
"56","resize_44_person_trans_M.jpg","resize_44_person_trans_M","resize","44","person","25_person_trans_M","trans","M",1,3,25
"57","resize_46_person_box_null.jpg","resize_46_person_box_null","resize","46","person","29_person_box_null","box","null",1,1,29
"58","resize_46_person_empty_H.jpg","resize_46_person_empty_H","resize","46","person","29_person_empty_H","empty","H",1,2,29
"59","resize_46_person_empty_L.jpg","resize_46_person_empty_L","resize","46","person","29_person_empty_L","empty","L",1,2,29
"60","resize_46_person_empty_M.jpg","resize_46_person_empty_M","resize","46","person","29_person_empty_M","empty","M",1,2,29
"61","resize_46_person_full_null.jpg","resize_46_person_full_null","resize","46","person","29_person_full_null","full","null",1,0,29
"62","resize_46_person_trans_H.jpg","resize_46_person_trans_H","resize","46","person","29_person_trans_H","trans","H",1,3,29
"63","resize_46_person_trans_L.jpg","resize_46_person_trans_L","resize","46","person","29_person_trans_L","trans","L",1,3,29
"64","resize_46_person_trans_M.jpg","resize_46_person_trans_M","resize","46","person","29_person_trans_M","trans","M",1,3,29
"65","resize_47_person_box_null.jpg","resize_47_person_box_null","resize","47","person","33_person_box_null","box","null",1,1,33
"66","resize_47_person_empty_H.jpg","resize_47_person_empty_H","resize","47","person","33_person_empty_H","empty","H",1,2,33
"67","resize_47_person_empty_L.jpg","resize_47_person_empty_L","resize","47","person","33_person_empty_L","empty","L",1,2,33
"68","resize_47_person_empty_M.jpg","resize_47_person_empty_M","resize","47","person","33_person_empty_M","empty","M",1,2,33
"69","resize_47_person_full_null.jpg","resize_47_person_full_null","resize","47","person","33_person_full_null","full","null",1,0,33
"70","resize_47_person_trans_H.jpg","resize_47_person_trans_H","resize","47","person","33_person_trans_H","trans","H",1,3,33
"71","resize_47_person_trans_L.jpg","resize_47_person_trans_L","resize","47","person","33_person_trans_L","trans","L",1,3,33
"72","resize_47_person_trans_M.jpg","resize_47_person_trans_M","resize","47","person","33_person_trans_M","trans","M",1,3,33
"73","resize_48_person_box_null.jpg","resize_48_person_box_null","resize","48","person","37_person_box_null","box","null",1,1,37
"74","resize_48_person_empty_H.jpg","resize_48_person_empty_H","resize","48","person","37_person_empty_H","empty","H",1,2,37
"75","resize_48_person_empty_L.jpg","resize_48_person_empty_L","resize","48","person","37_person_empty_L","empty","L",1,2,37
"76","resize_48_person_empty_M.jpg","resize_48_person_empty_M","resize","48","person","37_person_empty_M","empty","M",1,2,37
"77","resize_48_person_full_null.jpg","resize_48_person_full_null","resize","48","person","37_person_full_null","full","null",1,0,37
"78","resize_48_person_trans_H.jpg","resize_48_person_trans_H","resize","48","person","37_person_trans_H","trans","H",1,3,37
"79","resize_48_person_trans_L.jpg","resize_48_person_trans_L","resize","48","person","37_person_trans_L","trans","L",1,3,37
"80","resize_48_person_trans_M.jpg","resize_48_person_trans_M","resize","48","person","37_person_trans_M","trans","M",1,3,37
"81","resize_49_person_box_null.jpg","resize_49_person_box_null","resize","49","person","41_person_box_null","box","null",1,1,41
"82","resize_49_person_empty_H.jpg","resize_49_person_empty_H","resize","49","person","41_person_empty_H","empty","H",1,2,41
"83","resize_49_person_empty_L.jpg","resize_49_person_empty_L","resize","49","person","41_person_empty_L","empty","L",1,2,41
"84","resize_49_person_empty_M.jpg","resize_49_person_empty_M","resize","49","person","41_person_empty_M","empty","M",1,2,41
"85","resize_49_person_full_null.jpg","resize_49_person_full_null","resize","49","person","41_person_full_null","full","null",1,0,41
"86","resize_49_person_trans_H.jpg","resize_49_person_trans_H","resize","49","person","41_person_trans_H","trans","H",1,3,41
"87","resize_49_person_trans_L.jpg","resize_49_person_trans_L","resize","49","person","41_person_trans_L","trans","L",1,3,41
"88","resize_49_person_trans_M.jpg","resize_49_person_trans_M","resize","49","person","41_person_trans_M","trans","M",1,3,41
"89","resize_50_person_box_null.jpg","resize_50_person_box_null","resize","50","person","45_person_box_null","box","null",1,1,45
"90","resize_50_person_empty_H.jpg","resize_50_person_empty_H","resize","50","person","45_person_empty_H","empty","H",1,2,45
"91","resize_50_person_empty_L.jpg","resize_50_person_empty_L","resize","50","person","45_person_empty_L","empty","L",1,2,45
"92","resize_50_person_empty_M.jpg","resize_50_person_empty_M","resize","50","person","45_person_empty_M","empty","M",1,2,45
"93","resize_50_person_full_null.jpg","resize_50_person_full_null","resize","50","person","45_person_full_null","full","null",1,0,45
"94","resize_50_person_trans_H.jpg","resize_50_person_trans_H","resize","50","person","45_person_trans_H","trans","H",1,3,45
"95","resize_50_person_trans_L.jpg","resize_50_person_trans_L","resize","50","person","45_person_trans_L","trans","L",1,3,45
"96","resize_50_person_trans_M.jpg","resize_50_person_trans_M","resize","50","person","45_person_trans_M","trans","M",1,3,45
"97","resize_63_person_box_null.jpg","resize_63_person_box_null","resize","63","person","49_person_box_null","box","null",1,1,49
"98","resize_63_person_empty_H.jpg","resize_63_person_empty_H","resize","63","person","49_person_empty_H","empty","H",1,2,49
"99","resize_63_person_empty_L.jpg","resize_63_person_empty_L","resize","63","person","49_person_empty_L","empty","L",1,2,49
"100","resize_63_person_empty_M.jpg","resize_63_person_empty_M","resize","63","person","49_person_empty_M","empty","M",1,2,49
"101","resize_63_person_full_null.jpg","resize_63_person_full_null","resize","63","person","49_person_full_null","full","null",1,0,49
"102","resize_63_person_trans_H.jpg","resize_63_person_trans_H","resize","63","person","49_person_trans_H","trans","H",1,3,49
"103","resize_63_person_trans_L.jpg","resize_63_person_trans_L","resize","63","person","49_person_trans_L","trans","L",1,3,49
"104","resize_63_person_trans_M.jpg","resize_63_person_trans_M","resize","63","person","49_person_trans_M","trans","M",1,3,49
"105","resize_64_person_box_null.jpg","resize_64_person_box_null","resize","64","person","53_person_box_null","box","null",1,1,53
"106","resize_64_person_empty_H.jpg","resize_64_person_empty_H","resize","64","person","53_person_empty_H","empty","H",1,2,53
"107","resize_64_person_empty_L.jpg","resize_64_person_empty_L","resize","64","person","53_person_empty_L","empty","L",1,2,53
"108","resize_64_person_empty_M.jpg","resize_64_person_empty_M","resize","64","person","53_person_empty_M","empty","M",1,2,53
"109","resize_64_person_full_null.jpg","resize_64_person_full_null","resize","64","person","53_person_full_null","full","null",1,0,53
"110","resize_64_person_trans_H.jpg","resize_64_person_trans_H","resize","64","person","53_person_trans_H","trans","H",1,3,53
"111","resize_64_person_trans_L.jpg","resize_64_person_trans_L","resize","64","person","53_person_trans_L","trans","L",1,3,53
"112","resize_64_person_trans_M.jpg","resize_64_person_trans_M","resize","64","person","53_person_trans_M","trans","M",1,3,53
"113","resize_76_person_box_null.jpg","resize_76_person_box_null","resize","76","person","57_person_box_null","box","null",1,1,57
"114","resize_76_person_empty_H.jpg","resize_76_person_empty_H","resize","76","person","57_person_empty_H","empty","H",1,2,57
"115","resize_76_person_empty_L.jpg","resize_76_person_empty_L","resize","76","person","57_person_empty_L","empty","L",1,2,57
"116","resize_76_person_empty_M.jpg","resize_76_person_empty_M","resize","76","person","57_person_empty_M","empty","M",1,2,57
"117","resize_76_person_full_null.jpg","resize_76_person_full_null","resize","76","person","57_person_full_null","full","null",1,0,57
"118","resize_76_person_trans_H.jpg","resize_76_person_trans_H","resize","76","person","57_person_trans_H","trans","H",1,3,57
"119","resize_76_person_trans_L.jpg","resize_76_person_trans_L","resize","76","person","57_person_trans_L","trans","L",1,3,57
"120","resize_76_person_trans_M.jpg","resize_76_person_trans_M","resize","76","person","57_person_trans_M","trans","M",1,3,57
"121","resize_77_person_box_null.jpg","resize_77_person_box_null","resize","77","person","61_person_box_null","box","null",1,1,61
"122","resize_77_person_empty_H.jpg","resize_77_person_empty_H","resize","77","person","61_person_empty_H","empty","H",1,2,61
"123","resize_77_person_empty_L.jpg","resize_77_person_empty_L","resize","77","person","61_person_empty_L","empty","L",1,2,61
"124","resize_77_person_empty_M.jpg","resize_77_person_empty_M","resize","77","person","61_person_empty_M","empty","M",1,2,61
"125","resize_77_person_full_null.jpg","resize_77_person_full_null","resize","77","person","61_person_full_null","full","null",1,0,61
"126","resize_77_person_trans_H.jpg","resize_77_person_trans_H","resize","77","person","61_person_trans_H","trans","H",1,3,61
"127","resize_77_person_trans_L.jpg","resize_77_person_trans_L","resize","77","person","61_person_trans_L","trans","L",1,3,61
"128","resize_77_person_trans_M.jpg","resize_77_person_trans_M","resize","77","person","61_person_trans_M","trans","M",1,3,61
"129","resize_01_furniture_box_null.jpg","resize_01_furniture_box_null","resize","01","furniture","2_furniture_box_null","box","null",2,1,2
"130","resize_01_furniture_empty_H.jpg","resize_01_furniture_empty_H","resize","01","furniture","2_furniture_empty_H","empty","H",2,2,2
"131","resize_01_furniture_empty_L.jpg","resize_01_furniture_empty_L","resize","01","furniture","2_furniture_empty_L","empty","L",2,2,2
"132","resize_01_furniture_empty_M.jpg","resize_01_furniture_empty_M","resize","01","furniture","2_furniture_empty_M","empty","M",2,2,2
"133","resize_01_furniture_full_null.jpg","resize_01_furniture_full_null","resize","01","furniture","2_furniture_full_null","full","null",2,0,2
"134","resize_01_furniture_trans_H.jpg","resize_01_furniture_trans_H","resize","01","furniture","2_furniture_trans_H","trans","H",2,3,2
"135","resize_01_furniture_trans_L.jpg","resize_01_furniture_trans_L","resize","01","furniture","2_furniture_trans_L","trans","L",2,3,2
"136","resize_01_furniture_trans_M.jpg","resize_01_furniture_trans_M","resize","01","furniture","2_furniture_trans_M","trans","M",2,3,2
"137","resize_10_furniture_box_null.jpg","resize_10_furniture_box_null","resize","10","furniture","6_furniture_box_null","box","null",2,1,6
"138","resize_10_furniture_empty_H.jpg","resize_10_furniture_empty_H","resize","10","furniture","6_furniture_empty_H","empty","H",2,2,6
"139","resize_10_furniture_empty_L.jpg","resize_10_furniture_empty_L","resize","10","furniture","6_furniture_empty_L","empty","L",2,2,6
"140","resize_10_furniture_empty_M.jpg","resize_10_furniture_empty_M","resize","10","furniture","6_furniture_empty_M","empty","M",2,2,6
"141","resize_10_furniture_full_null.jpg","resize_10_furniture_full_null","resize","10","furniture","6_furniture_full_null","full","null",2,0,6
"142","resize_10_furniture_trans_H.jpg","resize_10_furniture_trans_H","resize","10","furniture","6_furniture_trans_H","trans","H",2,3,6
"143","resize_10_furniture_trans_L.jpg","resize_10_furniture_trans_L","resize","10","furniture","6_furniture_trans_L","trans","L",2,3,6
"144","resize_10_furniture_trans_M.jpg","resize_10_furniture_trans_M","resize","10","furniture","6_furniture_trans_M","trans","M",2,3,6
"145","resize_12_furniture_box_null.jpg","resize_12_furniture_box_null","resize","12","furniture","10_furniture_box_null","box","null",2,1,10
"146","resize_12_furniture_empty_H.jpg","resize_12_furniture_empty_H","resize","12","furniture","10_furniture_empty_H","empty","H",2,2,10
"147","resize_12_furniture_empty_L.jpg","resize_12_furniture_empty_L","resize","12","furniture","10_furniture_empty_L","empty","L",2,2,10
"148","resize_12_furniture_empty_M.jpg","resize_12_furniture_empty_M","resize","12","furniture","10_furniture_empty_M","empty","M",2,2,10
"149","resize_12_furniture_full_null.jpg","resize_12_furniture_full_null","resize","12","furniture","10_furniture_full_null","full","null",2,0,10
"150","resize_12_furniture_trans_H.jpg","resize_12_furniture_trans_H","resize","12","furniture","10_furniture_trans_H","trans","H",2,3,10
"151","resize_12_furniture_trans_L.jpg","resize_12_furniture_trans_L","resize","12","furniture","10_furniture_trans_L","trans","L",2,3,10
"152","resize_12_furniture_trans_M.jpg","resize_12_furniture_trans_M","resize","12","furniture","10_furniture_trans_M","trans","M",2,3,10
"153","resize_14_furniture_box_null.jpg","resize_14_furniture_box_null","resize","14","furniture","14_furniture_box_null","box","null",2,1,14
"154","resize_14_furniture_empty_H.jpg","resize_14_furniture_empty_H","resize","14","furniture","14_furniture_empty_H","empty","H",2,2,14
"155","resize_14_furniture_empty_L.jpg","resize_14_furniture_empty_L","resize","14","furniture","14_furniture_empty_L","empty","L",2,2,14
"156","resize_14_furniture_empty_M.jpg","resize_14_furniture_empty_M","resize","14","furniture","14_furniture_empty_M","empty","M",2,2,14
"157","resize_14_furniture_full_null.jpg","resize_14_furniture_full_null","resize","14","furniture","14_furniture_full_null","full","null",2,0,14
"158","resize_14_furniture_trans_H.jpg","resize_14_furniture_trans_H","resize","14","furniture","14_furniture_trans_H","trans","H",2,3,14
"159","resize_14_furniture_trans_L.jpg","resize_14_furniture_trans_L","resize","14","furniture","14_furniture_trans_L","trans","L",2,3,14
"160","resize_14_furniture_trans_M.jpg","resize_14_furniture_trans_M","resize","14","furniture","14_furniture_trans_M","trans","M",2,3,14
"161","resize_15_furniture_box_null.jpg","resize_15_furniture_box_null","resize","15","furniture","18_furniture_box_null","box","null",2,1,18
"162","resize_15_furniture_empty_H.jpg","resize_15_furniture_empty_H","resize","15","furniture","18_furniture_empty_H","empty","H",2,2,18
"163","resize_15_furniture_empty_L.jpg","resize_15_furniture_empty_L","resize","15","furniture","18_furniture_empty_L","empty","L",2,2,18
"164","resize_15_furniture_empty_M.jpg","resize_15_furniture_empty_M","resize","15","furniture","18_furniture_empty_M","empty","M",2,2,18
"165","resize_15_furniture_full_null.jpg","resize_15_furniture_full_null","resize","15","furniture","18_furniture_full_null","full","null",2,0,18
"166","resize_15_furniture_trans_H.jpg","resize_15_furniture_trans_H","resize","15","furniture","18_furniture_trans_H","trans","H",2,3,18
"167","resize_15_furniture_trans_L.jpg","resize_15_furniture_trans_L","resize","15","furniture","18_furniture_trans_L","trans","L",2,3,18
"168","resize_15_furniture_trans_M.jpg","resize_15_furniture_trans_M","resize","15","furniture","18_furniture_trans_M","trans","M",2,3,18
"169","resize_17_furniture_box_null.jpg","resize_17_furniture_box_null","resize","17","furniture","22_furniture_box_null","box","null",2,1,22
"170","resize_17_furniture_empty_H.jpg","resize_17_furniture_empty_H","resize","17","furniture","22_furniture_empty_H","empty","H",2,2,22
"171","resize_17_furniture_empty_L.jpg","resize_17_furniture_empty_L","resize","17","furniture","22_furniture_empty_L","empty","L",2,2,22
"172","resize_17_furniture_empty_M.jpg","resize_17_furniture_empty_M","resize","17","furniture","22_furniture_empty_M","empty","M",2,2,22
"173","resize_17_furniture_full_null.jpg","resize_17_furniture_full_null","resize","17","furniture","22_furniture_full_null","full","null",2,0,22
"174","resize_17_furniture_trans_H.jpg","resize_17_furniture_trans_H","resize","17","furniture","22_furniture_trans_H","trans","H",2,3,22
"175","resize_17_furniture_trans_L.jpg","resize_17_furniture_trans_L","resize","17","furniture","22_furniture_trans_L","trans","L",2,3,22
"176","resize_17_furniture_trans_M.jpg","resize_17_furniture_trans_M","resize","17","furniture","22_furniture_trans_M","trans","M",2,3,22
"177","resize_19_furniture_box_null.jpg","resize_19_furniture_box_null","resize","19","furniture","26_furniture_box_null","box","null",2,1,26
"178","resize_19_furniture_empty_H.jpg","resize_19_furniture_empty_H","resize","19","furniture","26_furniture_empty_H","empty","H",2,2,26
"179","resize_19_furniture_empty_L.jpg","resize_19_furniture_empty_L","resize","19","furniture","26_furniture_empty_L","empty","L",2,2,26
"180","resize_19_furniture_empty_M.jpg","resize_19_furniture_empty_M","resize","19","furniture","26_furniture_empty_M","empty","M",2,2,26
"181","resize_19_furniture_full_null.jpg","resize_19_furniture_full_null","resize","19","furniture","26_furniture_full_null","full","null",2,0,26
"182","resize_19_furniture_trans_H.jpg","resize_19_furniture_trans_H","resize","19","furniture","26_furniture_trans_H","trans","H",2,3,26
"183","resize_19_furniture_trans_L.jpg","resize_19_furniture_trans_L","resize","19","furniture","26_furniture_trans_L","trans","L",2,3,26
"184","resize_19_furniture_trans_M.jpg","resize_19_furniture_trans_M","resize","19","furniture","26_furniture_trans_M","trans","M",2,3,26
"185","resize_25_furniture_box_null.jpg","resize_25_furniture_box_null","resize","25","furniture","30_furniture_box_null","box","null",2,1,30
"186","resize_25_furniture_empty_H.jpg","resize_25_furniture_empty_H","resize","25","furniture","30_furniture_empty_H","empty","H",2,2,30
"187","resize_25_furniture_empty_L.jpg","resize_25_furniture_empty_L","resize","25","furniture","30_furniture_empty_L","empty","L",2,2,30
"188","resize_25_furniture_empty_M.jpg","resize_25_furniture_empty_M","resize","25","furniture","30_furniture_empty_M","empty","M",2,2,30
"189","resize_25_furniture_full_null.jpg","resize_25_furniture_full_null","resize","25","furniture","30_furniture_full_null","full","null",2,0,30
"190","resize_25_furniture_trans_H.jpg","resize_25_furniture_trans_H","resize","25","furniture","30_furniture_trans_H","trans","H",2,3,30
"191","resize_25_furniture_trans_L.jpg","resize_25_furniture_trans_L","resize","25","furniture","30_furniture_trans_L","trans","L",2,3,30
"192","resize_25_furniture_trans_M.jpg","resize_25_furniture_trans_M","resize","25","furniture","30_furniture_trans_M","trans","M",2,3,30
"193","resize_28_furniture_box_null.jpg","resize_28_furniture_box_null","resize","28","furniture","34_furniture_box_null","box","null",2,1,34
"194","resize_28_furniture_empty_H.jpg","resize_28_furniture_empty_H","resize","28","furniture","34_furniture_empty_H","empty","H",2,2,34
"195","resize_28_furniture_empty_L.jpg","resize_28_furniture_empty_L","resize","28","furniture","34_furniture_empty_L","empty","L",2,2,34
"196","resize_28_furniture_empty_M.jpg","resize_28_furniture_empty_M","resize","28","furniture","34_furniture_empty_M","empty","M",2,2,34
"197","resize_28_furniture_full_null.jpg","resize_28_furniture_full_null","resize","28","furniture","34_furniture_full_null","full","null",2,0,34
"198","resize_28_furniture_trans_H.jpg","resize_28_furniture_trans_H","resize","28","furniture","34_furniture_trans_H","trans","H",2,3,34
"199","resize_28_furniture_trans_L.jpg","resize_28_furniture_trans_L","resize","28","furniture","34_furniture_trans_L","trans","L",2,3,34
"200","resize_28_furniture_trans_M.jpg","resize_28_furniture_trans_M","resize","28","furniture","34_furniture_trans_M","trans","M",2,3,34
"201","resize_32_furniture_box_null.jpg","resize_32_furniture_box_null","resize","32","furniture","38_furniture_box_null","box","null",2,1,38
"202","resize_32_furniture_empty_H.jpg","resize_32_furniture_empty_H","resize","32","furniture","38_furniture_empty_H","empty","H",2,2,38
"203","resize_32_furniture_empty_L.jpg","resize_32_furniture_empty_L","resize","32","furniture","38_furniture_empty_L","empty","L",2,2,38
"204","resize_32_furniture_empty_M.jpg","resize_32_furniture_empty_M","resize","32","furniture","38_furniture_empty_M","empty","M",2,2,38
"205","resize_32_furniture_full_null.jpg","resize_32_furniture_full_null","resize","32","furniture","38_furniture_full_null","full","null",2,0,38
"206","resize_32_furniture_trans_H.jpg","resize_32_furniture_trans_H","resize","32","furniture","38_furniture_trans_H","trans","H",2,3,38
"207","resize_32_furniture_trans_L.jpg","resize_32_furniture_trans_L","resize","32","furniture","38_furniture_trans_L","trans","L",2,3,38
"208","resize_32_furniture_trans_M.jpg","resize_32_furniture_trans_M","resize","32","furniture","38_furniture_trans_M","trans","M",2,3,38
"209","resize_36_furniture_box_null.jpg","resize_36_furniture_box_null","resize","36","furniture","42_furniture_box_null","box","null",2,1,42
"210","resize_36_furniture_empty_H.jpg","resize_36_furniture_empty_H","resize","36","furniture","42_furniture_empty_H","empty","H",2,2,42
"211","resize_36_furniture_empty_L.jpg","resize_36_furniture_empty_L","resize","36","furniture","42_furniture_empty_L","empty","L",2,2,42
"212","resize_36_furniture_empty_M.jpg","resize_36_furniture_empty_M","resize","36","furniture","42_furniture_empty_M","empty","M",2,2,42
"213","resize_36_furniture_full_null.jpg","resize_36_furniture_full_null","resize","36","furniture","42_furniture_full_null","full","null",2,0,42
"214","resize_36_furniture_trans_H.jpg","resize_36_furniture_trans_H","resize","36","furniture","42_furniture_trans_H","trans","H",2,3,42
"215","resize_36_furniture_trans_L.jpg","resize_36_furniture_trans_L","resize","36","furniture","42_furniture_trans_L","trans","L",2,3,42
"216","resize_36_furniture_trans_M.jpg","resize_36_furniture_trans_M","resize","36","furniture","42_furniture_trans_M","trans","M",2,3,42
"217","resize_42_furniture_box_null.jpg","resize_42_furniture_box_null","resize","42","furniture","46_furniture_box_null","box","null",2,1,46
"218","resize_42_furniture_empty_H.jpg","resize_42_furniture_empty_H","resize","42","furniture","46_furniture_empty_H","empty","H",2,2,46
"219","resize_42_furniture_empty_L.jpg","resize_42_furniture_empty_L","resize","42","furniture","46_furniture_empty_L","empty","L",2,2,46
"220","resize_42_furniture_empty_M.jpg","resize_42_furniture_empty_M","resize","42","furniture","46_furniture_empty_M","empty","M",2,2,46
"221","resize_42_furniture_full_null.jpg","resize_42_furniture_full_null","resize","42","furniture","46_furniture_full_null","full","null",2,0,46
"222","resize_42_furniture_trans_H.jpg","resize_42_furniture_trans_H","resize","42","furniture","46_furniture_trans_H","trans","H",2,3,46
"223","resize_42_furniture_trans_L.jpg","resize_42_furniture_trans_L","resize","42","furniture","46_furniture_trans_L","trans","L",2,3,46
"224","resize_42_furniture_trans_M.jpg","resize_42_furniture_trans_M","resize","42","furniture","46_furniture_trans_M","trans","M",2,3,46
"225","resize_56_furniture_box_null.jpg","resize_56_furniture_box_null","resize","56","furniture","50_furniture_box_null","box","null",2,1,50
"226","resize_56_furniture_empty_H.jpg","resize_56_furniture_empty_H","resize","56","furniture","50_furniture_empty_H","empty","H",2,2,50
"227","resize_56_furniture_empty_L.jpg","resize_56_furniture_empty_L","resize","56","furniture","50_furniture_empty_L","empty","L",2,2,50
"228","resize_56_furniture_empty_M.jpg","resize_56_furniture_empty_M","resize","56","furniture","50_furniture_empty_M","empty","M",2,2,50
"229","resize_56_furniture_full_null.jpg","resize_56_furniture_full_null","resize","56","furniture","50_furniture_full_null","full","null",2,0,50
"230","resize_56_furniture_trans_H.jpg","resize_56_furniture_trans_H","resize","56","furniture","50_furniture_trans_H","trans","H",2,3,50
"231","resize_56_furniture_trans_L.jpg","resize_56_furniture_trans_L","resize","56","furniture","50_furniture_trans_L","trans","L",2,3,50
"232","resize_56_furniture_trans_M.jpg","resize_56_furniture_trans_M","resize","56","furniture","50_furniture_trans_M","trans","M",2,3,50
"233","resize_58_furniture_box_null.jpg","resize_58_furniture_box_null","resize","58","furniture","54_furniture_box_null","box","null",2,1,54
"234","resize_58_furniture_empty_H.jpg","resize_58_furniture_empty_H","resize","58","furniture","54_furniture_empty_H","empty","H",2,2,54
"235","resize_58_furniture_empty_L.jpg","resize_58_furniture_empty_L","resize","58","furniture","54_furniture_empty_L","empty","L",2,2,54
"236","resize_58_furniture_empty_M.jpg","resize_58_furniture_empty_M","resize","58","furniture","54_furniture_empty_M","empty","M",2,2,54
"237","resize_58_furniture_full_null.jpg","resize_58_furniture_full_null","resize","58","furniture","54_furniture_full_null","full","null",2,0,54
"238","resize_58_furniture_trans_H.jpg","resize_58_furniture_trans_H","resize","58","furniture","54_furniture_trans_H","trans","H",2,3,54
"239","resize_58_furniture_trans_L.jpg","resize_58_furniture_trans_L","resize","58","furniture","54_furniture_trans_L","trans","L",2,3,54
"240","resize_58_furniture_trans_M.jpg","resize_58_furniture_trans_M","resize","58","furniture","54_furniture_trans_M","trans","M",2,3,54
"241","resize_69_furniture_box_null.jpg","resize_69_furniture_box_null","resize","69","furniture","58_furniture_box_null","box","null",2,1,58
"242","resize_69_furniture_empty_H.jpg","resize_69_furniture_empty_H","resize","69","furniture","58_furniture_empty_H","empty","H",2,2,58
"243","resize_69_furniture_empty_L.jpg","resize_69_furniture_empty_L","resize","69","furniture","58_furniture_empty_L","empty","L",2,2,58
"244","resize_69_furniture_empty_M.jpg","resize_69_furniture_empty_M","resize","69","furniture","58_furniture_empty_M","empty","M",2,2,58
"245","resize_69_furniture_full_null.jpg","resize_69_furniture_full_null","resize","69","furniture","58_furniture_full_null","full","null",2,0,58
"246","resize_69_furniture_trans_H.jpg","resize_69_furniture_trans_H","resize","69","furniture","58_furniture_trans_H","trans","H",2,3,58
"247","resize_69_furniture_trans_L.jpg","resize_69_furniture_trans_L","resize","69","furniture","58_furniture_trans_L","trans","L",2,3,58
"248","resize_69_furniture_trans_M.jpg","resize_69_furniture_trans_M","resize","69","furniture","58_furniture_trans_M","trans","M",2,3,58
"249","resize_78_furniture_box_null.jpg","resize_78_furniture_box_null","resize","78","furniture","62_furniture_box_null","box","null",2,1,62
"250","resize_78_furniture_empty_H.jpg","resize_78_furniture_empty_H","resize","78","furniture","62_furniture_empty_H","empty","H",2,2,62
"251","resize_78_furniture_empty_L.jpg","resize_78_furniture_empty_L","resize","78","furniture","62_furniture_empty_L","empty","L",2,2,62
"252","resize_78_furniture_empty_M.jpg","resize_78_furniture_empty_M","resize","78","furniture","62_furniture_empty_M","empty","M",2,2,62
"253","resize_78_furniture_full_null.jpg","resize_78_furniture_full_null","resize","78","furniture","62_furniture_full_null","full","null",2,0,62
"254","resize_78_furniture_trans_H.jpg","resize_78_furniture_trans_H","resize","78","furniture","62_furniture_trans_H","trans","H",2,3,62
"255","resize_78_furniture_trans_L.jpg","resize_78_furniture_trans_L","resize","78","furniture","62_furniture_trans_L","trans","L",2,3,62
"256","resize_78_furniture_trans_M.jpg","resize_78_furniture_trans_M","resize","78","furniture","62_furniture_trans_M","trans","M",2,3,62
"257","resize_03_car_box_null.jpg","resize_03_car_box_null","resize","03","car","3_car_box_null","box","null",3,1,3
"258","resize_03_car_empty_H.jpg","resize_03_car_empty_H","resize","03","car","3_car_empty_H","empty","H",3,2,3
"259","resize_03_car_empty_L.jpg","resize_03_car_empty_L","resize","03","car","3_car_empty_L","empty","L",3,2,3
"260","resize_03_car_empty_M.jpg","resize_03_car_empty_M","resize","03","car","3_car_empty_M","empty","M",3,2,3
"261","resize_03_car_full_null.jpg","resize_03_car_full_null","resize","03","car","3_car_full_null","full","null",3,0,3
"262","resize_03_car_trans_H.jpg","resize_03_car_trans_H","resize","03","car","3_car_trans_H","trans","H",3,3,3
"263","resize_03_car_trans_L.jpg","resize_03_car_trans_L","resize","03","car","3_car_trans_L","trans","L",3,3,3
"264","resize_03_car_trans_M.jpg","resize_03_car_trans_M","resize","03","car","3_car_trans_M","trans","M",3,3,3
"265","resize_04_car_box_null.jpg","resize_04_car_box_null","resize","04","car","7_car_box_null","box","null",3,1,7
"266","resize_04_car_empty_H.jpg","resize_04_car_empty_H","resize","04","car","7_car_empty_H","empty","H",3,2,7
"267","resize_04_car_empty_L.jpg","resize_04_car_empty_L","resize","04","car","7_car_empty_L","empty","L",3,2,7
"268","resize_04_car_empty_M.jpg","resize_04_car_empty_M","resize","04","car","7_car_empty_M","empty","M",3,2,7
"269","resize_04_car_full_null.jpg","resize_04_car_full_null","resize","04","car","7_car_full_null","full","null",3,0,7
"270","resize_04_car_trans_H.jpg","resize_04_car_trans_H","resize","04","car","7_car_trans_H","trans","H",3,3,7
"271","resize_04_car_trans_L.jpg","resize_04_car_trans_L","resize","04","car","7_car_trans_L","trans","L",3,3,7
"272","resize_04_car_trans_M.jpg","resize_04_car_trans_M","resize","04","car","7_car_trans_M","trans","M",3,3,7
"273","resize_16_car_box_null.jpg","resize_16_car_box_null","resize","16","car","11_car_box_null","box","null",3,1,11
"274","resize_16_car_empty_H.jpg","resize_16_car_empty_H","resize","16","car","11_car_empty_H","empty","H",3,2,11
"275","resize_16_car_empty_L.jpg","resize_16_car_empty_L","resize","16","car","11_car_empty_L","empty","L",3,2,11
"276","resize_16_car_empty_M.jpg","resize_16_car_empty_M","resize","16","car","11_car_empty_M","empty","M",3,2,11
"277","resize_16_car_full_null.jpg","resize_16_car_full_null","resize","16","car","11_car_full_null","full","null",3,0,11
"278","resize_16_car_trans_H.jpg","resize_16_car_trans_H","resize","16","car","11_car_trans_H","trans","H",3,3,11
"279","resize_16_car_trans_L.jpg","resize_16_car_trans_L","resize","16","car","11_car_trans_L","trans","L",3,3,11
"280","resize_16_car_trans_M.jpg","resize_16_car_trans_M","resize","16","car","11_car_trans_M","trans","M",3,3,11
"281","resize_22_car_box_null.jpg","resize_22_car_box_null","resize","22","car","15_car_box_null","box","null",3,1,15
"282","resize_22_car_empty_H.jpg","resize_22_car_empty_H","resize","22","car","15_car_empty_H","empty","H",3,2,15
"283","resize_22_car_empty_L.jpg","resize_22_car_empty_L","resize","22","car","15_car_empty_L","empty","L",3,2,15
"284","resize_22_car_empty_M.jpg","resize_22_car_empty_M","resize","22","car","15_car_empty_M","empty","M",3,2,15
"285","resize_22_car_full_null.jpg","resize_22_car_full_null","resize","22","car","15_car_full_null","full","null",3,0,15
"286","resize_22_car_trans_H.jpg","resize_22_car_trans_H","resize","22","car","15_car_trans_H","trans","H",3,3,15
"287","resize_22_car_trans_L.jpg","resize_22_car_trans_L","resize","22","car","15_car_trans_L","trans","L",3,3,15
"288","resize_22_car_trans_M.jpg","resize_22_car_trans_M","resize","22","car","15_car_trans_M","trans","M",3,3,15
"289","resize_27_car_box_null.jpg","resize_27_car_box_null","resize","27","car","19_car_box_null","box","null",3,1,19
"290","resize_27_car_empty_H.jpg","resize_27_car_empty_H","resize","27","car","19_car_empty_H","empty","H",3,2,19
"291","resize_27_car_empty_L.jpg","resize_27_car_empty_L","resize","27","car","19_car_empty_L","empty","L",3,2,19
"292","resize_27_car_empty_M.jpg","resize_27_car_empty_M","resize","27","car","19_car_empty_M","empty","M",3,2,19
"293","resize_27_car_full_null.jpg","resize_27_car_full_null","resize","27","car","19_car_full_null","full","null",3,0,19
"294","resize_27_car_trans_H.jpg","resize_27_car_trans_H","resize","27","car","19_car_trans_H","trans","H",3,3,19
"295","resize_27_car_trans_L.jpg","resize_27_car_trans_L","resize","27","car","19_car_trans_L","trans","L",3,3,19
"296","resize_27_car_trans_M.jpg","resize_27_car_trans_M","resize","27","car","19_car_trans_M","trans","M",3,3,19
"297","resize_29_car_box_null.jpg","resize_29_car_box_null","resize","29","car","23_car_box_null","box","null",3,1,23
"298","resize_29_car_empty_H.jpg","resize_29_car_empty_H","resize","29","car","23_car_empty_H","empty","H",3,2,23
"299","resize_29_car_empty_L.jpg","resize_29_car_empty_L","resize","29","car","23_car_empty_L","empty","L",3,2,23
"300","resize_29_car_empty_M.jpg","resize_29_car_empty_M","resize","29","car","23_car_empty_M","empty","M",3,2,23
"301","resize_29_car_full_null.jpg","resize_29_car_full_null","resize","29","car","23_car_full_null","full","null",3,0,23
"302","resize_29_car_trans_H.jpg","resize_29_car_trans_H","resize","29","car","23_car_trans_H","trans","H",3,3,23
"303","resize_29_car_trans_L.jpg","resize_29_car_trans_L","resize","29","car","23_car_trans_L","trans","L",3,3,23
"304","resize_29_car_trans_M.jpg","resize_29_car_trans_M","resize","29","car","23_car_trans_M","trans","M",3,3,23
"305","resize_33_car_box_null.jpg","resize_33_car_box_null","resize","33","car","27_car_box_null","box","null",3,1,27
"306","resize_33_car_empty_H.jpg","resize_33_car_empty_H","resize","33","car","27_car_empty_H","empty","H",3,2,27
"307","resize_33_car_empty_L.jpg","resize_33_car_empty_L","resize","33","car","27_car_empty_L","empty","L",3,2,27
"308","resize_33_car_empty_M.jpg","resize_33_car_empty_M","resize","33","car","27_car_empty_M","empty","M",3,2,27
"309","resize_33_car_full_null.jpg","resize_33_car_full_null","resize","33","car","27_car_full_null","full","null",3,0,27
"310","resize_33_car_trans_H.jpg","resize_33_car_trans_H","resize","33","car","27_car_trans_H","trans","H",3,3,27
"311","resize_33_car_trans_L.jpg","resize_33_car_trans_L","resize","33","car","27_car_trans_L","trans","L",3,3,27
"312","resize_33_car_trans_M.jpg","resize_33_car_trans_M","resize","33","car","27_car_trans_M","trans","M",3,3,27
"313","resize_35_car_box_null.jpg","resize_35_car_box_null","resize","35","car","31_car_box_null","box","null",3,1,31
"314","resize_35_car_empty_H.jpg","resize_35_car_empty_H","resize","35","car","31_car_empty_H","empty","H",3,2,31
"315","resize_35_car_empty_L.jpg","resize_35_car_empty_L","resize","35","car","31_car_empty_L","empty","L",3,2,31
"316","resize_35_car_empty_M.jpg","resize_35_car_empty_M","resize","35","car","31_car_empty_M","empty","M",3,2,31
"317","resize_35_car_full_null.jpg","resize_35_car_full_null","resize","35","car","31_car_full_null","full","null",3,0,31
"318","resize_35_car_trans_H.jpg","resize_35_car_trans_H","resize","35","car","31_car_trans_H","trans","H",3,3,31
"319","resize_35_car_trans_L.jpg","resize_35_car_trans_L","resize","35","car","31_car_trans_L","trans","L",3,3,31
"320","resize_35_car_trans_M.jpg","resize_35_car_trans_M","resize","35","car","31_car_trans_M","trans","M",3,3,31
"321","resize_40_car_box_null.jpg","resize_40_car_box_null","resize","40","car","35_car_box_null","box","null",3,1,35
"322","resize_40_car_empty_H.jpg","resize_40_car_empty_H","resize","40","car","35_car_empty_H","empty","H",3,2,35
"323","resize_40_car_empty_L.jpg","resize_40_car_empty_L","resize","40","car","35_car_empty_L","empty","L",3,2,35
"324","resize_40_car_empty_M.jpg","resize_40_car_empty_M","resize","40","car","35_car_empty_M","empty","M",3,2,35
"325","resize_40_car_full_null.jpg","resize_40_car_full_null","resize","40","car","35_car_full_null","full","null",3,0,35
"326","resize_40_car_trans_H.jpg","resize_40_car_trans_H","resize","40","car","35_car_trans_H","trans","H",3,3,35
"327","resize_40_car_trans_L.jpg","resize_40_car_trans_L","resize","40","car","35_car_trans_L","trans","L",3,3,35
"328","resize_40_car_trans_M.jpg","resize_40_car_trans_M","resize","40","car","35_car_trans_M","trans","M",3,3,35
"329","resize_41_car_box_null.jpg","resize_41_car_box_null","resize","41","car","39_car_box_null","box","null",3,1,39
"330","resize_41_car_empty_H.jpg","resize_41_car_empty_H","resize","41","car","39_car_empty_H","empty","H",3,2,39
"331","resize_41_car_empty_L.jpg","resize_41_car_empty_L","resize","41","car","39_car_empty_L","empty","L",3,2,39
"332","resize_41_car_empty_M.jpg","resize_41_car_empty_M","resize","41","car","39_car_empty_M","empty","M",3,2,39
"333","resize_41_car_full_null.jpg","resize_41_car_full_null","resize","41","car","39_car_full_null","full","null",3,0,39
"334","resize_41_car_trans_H.jpg","resize_41_car_trans_H","resize","41","car","39_car_trans_H","trans","H",3,3,39
"335","resize_41_car_trans_L.jpg","resize_41_car_trans_L","resize","41","car","39_car_trans_L","trans","L",3,3,39
"336","resize_41_car_trans_M.jpg","resize_41_car_trans_M","resize","41","car","39_car_trans_M","trans","M",3,3,39
"337","resize_43_car_box_null.jpg","resize_43_car_box_null","resize","43","car","43_car_box_null","box","null",3,1,43
"338","resize_43_car_empty_H.jpg","resize_43_car_empty_H","resize","43","car","43_car_empty_H","empty","H",3,2,43
"339","resize_43_car_empty_L.jpg","resize_43_car_empty_L","resize","43","car","43_car_empty_L","empty","L",3,2,43
"340","resize_43_car_empty_M.jpg","resize_43_car_empty_M","resize","43","car","43_car_empty_M","empty","M",3,2,43
"341","resize_43_car_full_null.jpg","resize_43_car_full_null","resize","43","car","43_car_full_null","full","null",3,0,43
"342","resize_43_car_trans_H.jpg","resize_43_car_trans_H","resize","43","car","43_car_trans_H","trans","H",3,3,43
"343","resize_43_car_trans_L.jpg","resize_43_car_trans_L","resize","43","car","43_car_trans_L","trans","L",3,3,43
"344","resize_43_car_trans_M.jpg","resize_43_car_trans_M","resize","43","car","43_car_trans_M","trans","M",3,3,43
"345","resize_60_car_box_null.jpg","resize_60_car_box_null","resize","60","car","47_car_box_null","box","null",3,1,47
"346","resize_60_car_empty_H.jpg","resize_60_car_empty_H","resize","60","car","47_car_empty_H","empty","H",3,2,47
"347","resize_60_car_empty_L.jpg","resize_60_car_empty_L","resize","60","car","47_car_empty_L","empty","L",3,2,47
"348","resize_60_car_empty_M.jpg","resize_60_car_empty_M","resize","60","car","47_car_empty_M","empty","M",3,2,47
"349","resize_60_car_full_null.jpg","resize_60_car_full_null","resize","60","car","47_car_full_null","full","null",3,0,47
"350","resize_60_car_trans_H.jpg","resize_60_car_trans_H","resize","60","car","47_car_trans_H","trans","H",3,3,47
"351","resize_60_car_trans_L.jpg","resize_60_car_trans_L","resize","60","car","47_car_trans_L","trans","L",3,3,47
"352","resize_60_car_trans_M.jpg","resize_60_car_trans_M","resize","60","car","47_car_trans_M","trans","M",3,3,47
"353","resize_65_car_box_null.jpg","resize_65_car_box_null","resize","65","car","51_car_box_null","box","null",3,1,51
"354","resize_65_car_empty_H.jpg","resize_65_car_empty_H","resize","65","car","51_car_empty_H","empty","H",3,2,51
"355","resize_65_car_empty_L.jpg","resize_65_car_empty_L","resize","65","car","51_car_empty_L","empty","L",3,2,51
"356","resize_65_car_empty_M.jpg","resize_65_car_empty_M","resize","65","car","51_car_empty_M","empty","M",3,2,51
"357","resize_65_car_full_null.jpg","resize_65_car_full_null","resize","65","car","51_car_full_null","full","null",3,0,51
"358","resize_65_car_trans_H.jpg","resize_65_car_trans_H","resize","65","car","51_car_trans_H","trans","H",3,3,51
"359","resize_65_car_trans_L.jpg","resize_65_car_trans_L","resize","65","car","51_car_trans_L","trans","L",3,3,51
"360","resize_65_car_trans_M.jpg","resize_65_car_trans_M","resize","65","car","51_car_trans_M","trans","M",3,3,51
"361","resize_66_car_box_null.jpg","resize_66_car_box_null","resize","66","car","55_car_box_null","box","null",3,1,55
"362","resize_66_car_empty_H.jpg","resize_66_car_empty_H","resize","66","car","55_car_empty_H","empty","H",3,2,55
"363","resize_66_car_empty_L.jpg","resize_66_car_empty_L","resize","66","car","55_car_empty_L","empty","L",3,2,55
"364","resize_66_car_empty_M.jpg","resize_66_car_empty_M","resize","66","car","55_car_empty_M","empty","M",3,2,55
"365","resize_66_car_full_null.jpg","resize_66_car_full_null","resize","66","car","55_car_full_null","full","null",3,0,55
"366","resize_66_car_trans_H.jpg","resize_66_car_trans_H","resize","66","car","55_car_trans_H","trans","H",3,3,55
"367","resize_66_car_trans_L.jpg","resize_66_car_trans_L","resize","66","car","55_car_trans_L","trans","L",3,3,55
"368","resize_66_car_trans_M.jpg","resize_66_car_trans_M","resize","66","car","55_car_trans_M","trans","M",3,3,55
"369","resize_72_car_box_null.jpg","resize_72_car_box_null","resize","72","car","59_car_box_null","box","null",3,1,59
"370","resize_72_car_empty_H.jpg","resize_72_car_empty_H","resize","72","car","59_car_empty_H","empty","H",3,2,59
"371","resize_72_car_empty_L.jpg","resize_72_car_empty_L","resize","72","car","59_car_empty_L","empty","L",3,2,59
"372","resize_72_car_empty_M.jpg","resize_72_car_empty_M","resize","72","car","59_car_empty_M","empty","M",3,2,59
"373","resize_72_car_full_null.jpg","resize_72_car_full_null","resize","72","car","59_car_full_null","full","null",3,0,59
"374","resize_72_car_trans_H.jpg","resize_72_car_trans_H","resize","72","car","59_car_trans_H","trans","H",3,3,59
"375","resize_72_car_trans_L.jpg","resize_72_car_trans_L","resize","72","car","59_car_trans_L","trans","L",3,3,59
"376","resize_72_car_trans_M.jpg","resize_72_car_trans_M","resize","72","car","59_car_trans_M","trans","M",3,3,59
"377","resize_73_car_box_null.jpg","resize_73_car_box_null","resize","73","car","63_car_box_null","box","null",3,1,63
"378","resize_73_car_empty_H.jpg","resize_73_car_empty_H","resize","73","car","63_car_empty_H","empty","H",3,2,63
"379","resize_73_car_empty_L.jpg","resize_73_car_empty_L","resize","73","car","63_car_empty_L","empty","L",3,2,63
"380","resize_73_car_empty_M.jpg","resize_73_car_empty_M","resize","73","car","63_car_empty_M","empty","M",3,2,63
"381","resize_73_car_full_null.jpg","resize_73_car_full_null","resize","73","car","63_car_full_null","full","null",3,0,63
"382","resize_73_car_trans_H.jpg","resize_73_car_trans_H","resize","73","car","63_car_trans_H","trans","H",3,3,63
"383","resize_73_car_trans_L.jpg","resize_73_car_trans_L","resize","73","car","63_car_trans_L","trans","L",3,3,63
"384","resize_73_car_trans_M.jpg","resize_73_car_trans_M","resize","73","car","63_car_trans_M","trans","M",3,3,63
"385","resize_02_animal_box_null.jpg","resize_02_animal_box_null","resize","02","animal","4_animal_box_null","box","null",4,1,4
"386","resize_02_animal_empty_H.jpg","resize_02_animal_empty_H","resize","02","animal","4_animal_empty_H","empty","H",4,2,4
"387","resize_02_animal_empty_L.jpg","resize_02_animal_empty_L","resize","02","animal","4_animal_empty_L","empty","L",4,2,4
"388","resize_02_animal_empty_M.jpg","resize_02_animal_empty_M","resize","02","animal","4_animal_empty_M","empty","M",4,2,4
"389","resize_02_animal_full_null.jpg","resize_02_animal_full_null","resize","02","animal","4_animal_full_null","full","null",4,0,4
"390","resize_02_animal_trans_H.jpg","resize_02_animal_trans_H","resize","02","animal","4_animal_trans_H","trans","H",4,3,4
"391","resize_02_animal_trans_L.jpg","resize_02_animal_trans_L","resize","02","animal","4_animal_trans_L","trans","L",4,3,4
"392","resize_02_animal_trans_M.jpg","resize_02_animal_trans_M","resize","02","animal","4_animal_trans_M","trans","M",4,3,4
"393","resize_05_animal_box_null.jpg","resize_05_animal_box_null","resize","05","animal","8_animal_box_null","box","null",4,1,8
"394","resize_05_animal_empty_H.jpg","resize_05_animal_empty_H","resize","05","animal","8_animal_empty_H","empty","H",4,2,8
"395","resize_05_animal_empty_L.jpg","resize_05_animal_empty_L","resize","05","animal","8_animal_empty_L","empty","L",4,2,8
"396","resize_05_animal_empty_M.jpg","resize_05_animal_empty_M","resize","05","animal","8_animal_empty_M","empty","M",4,2,8
"397","resize_05_animal_full_null.jpg","resize_05_animal_full_null","resize","05","animal","8_animal_full_null","full","null",4,0,8
"398","resize_05_animal_trans_H.jpg","resize_05_animal_trans_H","resize","05","animal","8_animal_trans_H","trans","H",4,3,8
"399","resize_05_animal_trans_L.jpg","resize_05_animal_trans_L","resize","05","animal","8_animal_trans_L","trans","L",4,3,8
"400","resize_05_animal_trans_M.jpg","resize_05_animal_trans_M","resize","05","animal","8_animal_trans_M","trans","M",4,3,8
"401","resize_07_animal_box_null.jpg","resize_07_animal_box_null","resize","07","animal","12_animal_box_null","box","null",4,1,12
"402","resize_07_animal_empty_H.jpg","resize_07_animal_empty_H","resize","07","animal","12_animal_empty_H","empty","H",4,2,12
"403","resize_07_animal_empty_L.jpg","resize_07_animal_empty_L","resize","07","animal","12_animal_empty_L","empty","L",4,2,12
"404","resize_07_animal_empty_M.jpg","resize_07_animal_empty_M","resize","07","animal","12_animal_empty_M","empty","M",4,2,12
"405","resize_07_animal_full_null.jpg","resize_07_animal_full_null","resize","07","animal","12_animal_full_null","full","null",4,0,12
"406","resize_07_animal_trans_H.jpg","resize_07_animal_trans_H","resize","07","animal","12_animal_trans_H","trans","H",4,3,12
"407","resize_07_animal_trans_L.jpg","resize_07_animal_trans_L","resize","07","animal","12_animal_trans_L","trans","L",4,3,12
"408","resize_07_animal_trans_M.jpg","resize_07_animal_trans_M","resize","07","animal","12_animal_trans_M","trans","M",4,3,12
"409","resize_08_animal_box_null.jpg","resize_08_animal_box_null","resize","08","animal","16_animal_box_null","box","null",4,1,16
"410","resize_08_animal_empty_H.jpg","resize_08_animal_empty_H","resize","08","animal","16_animal_empty_H","empty","H",4,2,16
"411","resize_08_animal_empty_L.jpg","resize_08_animal_empty_L","resize","08","animal","16_animal_empty_L","empty","L",4,2,16
"412","resize_08_animal_empty_M.jpg","resize_08_animal_empty_M","resize","08","animal","16_animal_empty_M","empty","M",4,2,16
"413","resize_08_animal_full_null.jpg","resize_08_animal_full_null","resize","08","animal","16_animal_full_null","full","null",4,0,16
"414","resize_08_animal_trans_H.jpg","resize_08_animal_trans_H","resize","08","animal","16_animal_trans_H","trans","H",4,3,16
"415","resize_08_animal_trans_L.jpg","resize_08_animal_trans_L","resize","08","animal","16_animal_trans_L","trans","L",4,3,16
"416","resize_08_animal_trans_M.jpg","resize_08_animal_trans_M","resize","08","animal","16_animal_trans_M","trans","M",4,3,16
"417","resize_09_animal_box_null.jpg","resize_09_animal_box_null","resize","09","animal","20_animal_box_null","box","null",4,1,20
"418","resize_09_animal_empty_H.jpg","resize_09_animal_empty_H","resize","09","animal","20_animal_empty_H","empty","H",4,2,20
"419","resize_09_animal_empty_L.jpg","resize_09_animal_empty_L","resize","09","animal","20_animal_empty_L","empty","L",4,2,20
"420","resize_09_animal_empty_M.jpg","resize_09_animal_empty_M","resize","09","animal","20_animal_empty_M","empty","M",4,2,20
"421","resize_09_animal_full_null.jpg","resize_09_animal_full_null","resize","09","animal","20_animal_full_null","full","null",4,0,20
"422","resize_09_animal_trans_H.jpg","resize_09_animal_trans_H","resize","09","animal","20_animal_trans_H","trans","H",4,3,20
"423","resize_09_animal_trans_L.jpg","resize_09_animal_trans_L","resize","09","animal","20_animal_trans_L","trans","L",4,3,20
"424","resize_09_animal_trans_M.jpg","resize_09_animal_trans_M","resize","09","animal","20_animal_trans_M","trans","M",4,3,20
"425","resize_11_animal_box_null.jpg","resize_11_animal_box_null","resize","11","animal","24_animal_box_null","box","null",4,1,24
"426","resize_11_animal_empty_H.jpg","resize_11_animal_empty_H","resize","11","animal","24_animal_empty_H","empty","H",4,2,24
"427","resize_11_animal_empty_L.jpg","resize_11_animal_empty_L","resize","11","animal","24_animal_empty_L","empty","L",4,2,24
"428","resize_11_animal_empty_M.jpg","resize_11_animal_empty_M","resize","11","animal","24_animal_empty_M","empty","M",4,2,24
"429","resize_11_animal_full_null.jpg","resize_11_animal_full_null","resize","11","animal","24_animal_full_null","full","null",4,0,24
"430","resize_11_animal_trans_H.jpg","resize_11_animal_trans_H","resize","11","animal","24_animal_trans_H","trans","H",4,3,24
"431","resize_11_animal_trans_L.jpg","resize_11_animal_trans_L","resize","11","animal","24_animal_trans_L","trans","L",4,3,24
"432","resize_11_animal_trans_M.jpg","resize_11_animal_trans_M","resize","11","animal","24_animal_trans_M","trans","M",4,3,24
"433","resize_13_animal_box_null.jpg","resize_13_animal_box_null","resize","13","animal","28_animal_box_null","box","null",4,1,28
"434","resize_13_animal_empty_H.jpg","resize_13_animal_empty_H","resize","13","animal","28_animal_empty_H","empty","H",4,2,28
"435","resize_13_animal_empty_L.jpg","resize_13_animal_empty_L","resize","13","animal","28_animal_empty_L","empty","L",4,2,28
"436","resize_13_animal_empty_M.jpg","resize_13_animal_empty_M","resize","13","animal","28_animal_empty_M","empty","M",4,2,28
"437","resize_13_animal_full_null.jpg","resize_13_animal_full_null","resize","13","animal","28_animal_full_null","full","null",4,0,28
"438","resize_13_animal_trans_H.jpg","resize_13_animal_trans_H","resize","13","animal","28_animal_trans_H","trans","H",4,3,28
"439","resize_13_animal_trans_L.jpg","resize_13_animal_trans_L","resize","13","animal","28_animal_trans_L","trans","L",4,3,28
"440","resize_13_animal_trans_M.jpg","resize_13_animal_trans_M","resize","13","animal","28_animal_trans_M","trans","M",4,3,28
"441","resize_18_animal_box_null.jpg","resize_18_animal_box_null","resize","18","animal","32_animal_box_null","box","null",4,1,32
"442","resize_18_animal_empty_H.jpg","resize_18_animal_empty_H","resize","18","animal","32_animal_empty_H","empty","H",4,2,32
"443","resize_18_animal_empty_L.jpg","resize_18_animal_empty_L","resize","18","animal","32_animal_empty_L","empty","L",4,2,32
"444","resize_18_animal_empty_M.jpg","resize_18_animal_empty_M","resize","18","animal","32_animal_empty_M","empty","M",4,2,32
"445","resize_18_animal_full_null.jpg","resize_18_animal_full_null","resize","18","animal","32_animal_full_null","full","null",4,0,32
"446","resize_18_animal_trans_H.jpg","resize_18_animal_trans_H","resize","18","animal","32_animal_trans_H","trans","H",4,3,32
"447","resize_18_animal_trans_L.jpg","resize_18_animal_trans_L","resize","18","animal","32_animal_trans_L","trans","L",4,3,32
"448","resize_18_animal_trans_M.jpg","resize_18_animal_trans_M","resize","18","animal","32_animal_trans_M","trans","M",4,3,32
"449","resize_21_animal_box_null.jpg","resize_21_animal_box_null","resize","21","animal","36_animal_box_null","box","null",4,1,36
"450","resize_21_animal_empty_H.jpg","resize_21_animal_empty_H","resize","21","animal","36_animal_empty_H","empty","H",4,2,36
"451","resize_21_animal_empty_L.jpg","resize_21_animal_empty_L","resize","21","animal","36_animal_empty_L","empty","L",4,2,36
"452","resize_21_animal_empty_M.jpg","resize_21_animal_empty_M","resize","21","animal","36_animal_empty_M","empty","M",4,2,36
"453","resize_21_animal_full_null.jpg","resize_21_animal_full_null","resize","21","animal","36_animal_full_null","full","null",4,0,36
"454","resize_21_animal_trans_H.jpg","resize_21_animal_trans_H","resize","21","animal","36_animal_trans_H","trans","H",4,3,36
"455","resize_21_animal_trans_L.jpg","resize_21_animal_trans_L","resize","21","animal","36_animal_trans_L","trans","L",4,3,36
"456","resize_21_animal_trans_M.jpg","resize_21_animal_trans_M","resize","21","animal","36_animal_trans_M","trans","M",4,3,36
"457","resize_23_animal_box_null.jpg","resize_23_animal_box_null","resize","23","animal","40_animal_box_null","box","null",4,1,40
"458","resize_23_animal_empty_H.jpg","resize_23_animal_empty_H","resize","23","animal","40_animal_empty_H","empty","H",4,2,40
"459","resize_23_animal_empty_L.jpg","resize_23_animal_empty_L","resize","23","animal","40_animal_empty_L","empty","L",4,2,40
"460","resize_23_animal_empty_M.jpg","resize_23_animal_empty_M","resize","23","animal","40_animal_empty_M","empty","M",4,2,40
"461","resize_23_animal_full_null.jpg","resize_23_animal_full_null","resize","23","animal","40_animal_full_null","full","null",4,0,40
"462","resize_23_animal_trans_H.jpg","resize_23_animal_trans_H","resize","23","animal","40_animal_trans_H","trans","H",4,3,40
"463","resize_23_animal_trans_L.jpg","resize_23_animal_trans_L","resize","23","animal","40_animal_trans_L","trans","L",4,3,40
"464","resize_23_animal_trans_M.jpg","resize_23_animal_trans_M","resize","23","animal","40_animal_trans_M","trans","M",4,3,40
"465","resize_45_animal_box_null.jpg","resize_45_animal_box_null","resize","45","animal","44_animal_box_null","box","null",4,1,44
"466","resize_45_animal_empty_H.jpg","resize_45_animal_empty_H","resize","45","animal","44_animal_empty_H","empty","H",4,2,44
"467","resize_45_animal_empty_L.jpg","resize_45_animal_empty_L","resize","45","animal","44_animal_empty_L","empty","L",4,2,44
"468","resize_45_animal_empty_M.jpg","resize_45_animal_empty_M","resize","45","animal","44_animal_empty_M","empty","M",4,2,44
"469","resize_45_animal_full_null.jpg","resize_45_animal_full_null","resize","45","animal","44_animal_full_null","full","null",4,0,44
"470","resize_45_animal_trans_H.jpg","resize_45_animal_trans_H","resize","45","animal","44_animal_trans_H","trans","H",4,3,44
"471","resize_45_animal_trans_L.jpg","resize_45_animal_trans_L","resize","45","animal","44_animal_trans_L","trans","L",4,3,44
"472","resize_45_animal_trans_M.jpg","resize_45_animal_trans_M","resize","45","animal","44_animal_trans_M","trans","M",4,3,44
"473","resize_51_animal_box_null.jpg","resize_51_animal_box_null","resize","51","animal","48_animal_box_null","box","null",4,1,48
"474","resize_51_animal_empty_H.jpg","resize_51_animal_empty_H","resize","51","animal","48_animal_empty_H","empty","H",4,2,48
"475","resize_51_animal_empty_L.jpg","resize_51_animal_empty_L","resize","51","animal","48_animal_empty_L","empty","L",4,2,48
"476","resize_51_animal_empty_M.jpg","resize_51_animal_empty_M","resize","51","animal","48_animal_empty_M","empty","M",4,2,48
"477","resize_51_animal_full_null.jpg","resize_51_animal_full_null","resize","51","animal","48_animal_full_null","full","null",4,0,48
"478","resize_51_animal_trans_H.jpg","resize_51_animal_trans_H","resize","51","animal","48_animal_trans_H","trans","H",4,3,48
"479","resize_51_animal_trans_L.jpg","resize_51_animal_trans_L","resize","51","animal","48_animal_trans_L","trans","L",4,3,48
"480","resize_51_animal_trans_M.jpg","resize_51_animal_trans_M","resize","51","animal","48_animal_trans_M","trans","M",4,3,48
"481","resize_54_animal_box_null.jpg","resize_54_animal_box_null","resize","54","animal","52_animal_box_null","box","null",4,1,52
"482","resize_54_animal_empty_H.jpg","resize_54_animal_empty_H","resize","54","animal","52_animal_empty_H","empty","H",4,2,52
"483","resize_54_animal_empty_L.jpg","resize_54_animal_empty_L","resize","54","animal","52_animal_empty_L","empty","L",4,2,52
"484","resize_54_animal_empty_M.jpg","resize_54_animal_empty_M","resize","54","animal","52_animal_empty_M","empty","M",4,2,52
"485","resize_54_animal_full_null.jpg","resize_54_animal_full_null","resize","54","animal","52_animal_full_null","full","null",4,0,52
"486","resize_54_animal_trans_H.jpg","resize_54_animal_trans_H","resize","54","animal","52_animal_trans_H","trans","H",4,3,52
"487","resize_54_animal_trans_L.jpg","resize_54_animal_trans_L","resize","54","animal","52_animal_trans_L","trans","L",4,3,52
"488","resize_54_animal_trans_M.jpg","resize_54_animal_trans_M","resize","54","animal","52_animal_trans_M","trans","M",4,3,52
"489","resize_61_animal_box_null.jpg","resize_61_animal_box_null","resize","61","animal","56_animal_box_null","box","null",4,1,56
"490","resize_61_animal_empty_H.jpg","resize_61_animal_empty_H","resize","61","animal","56_animal_empty_H","empty","H",4,2,56
"491","resize_61_animal_empty_L.jpg","resize_61_animal_empty_L","resize","61","animal","56_animal_empty_L","empty","L",4,2,56
"492","resize_61_animal_empty_M.jpg","resize_61_animal_empty_M","resize","61","animal","56_animal_empty_M","empty","M",4,2,56
"493","resize_61_animal_full_null.jpg","resize_61_animal_full_null","resize","61","animal","56_animal_full_null","full","null",4,0,56
"494","resize_61_animal_trans_H.jpg","resize_61_animal_trans_H","resize","61","animal","56_animal_trans_H","trans","H",4,3,56
"495","resize_61_animal_trans_L.jpg","resize_61_animal_trans_L","resize","61","animal","56_animal_trans_L","trans","L",4,3,56
"496","resize_61_animal_trans_M.jpg","resize_61_animal_trans_M","resize","61","animal","56_animal_trans_M","trans","M",4,3,56
"497","resize_62_animal_box_null.jpg","resize_62_animal_box_null","resize","62","animal","60_animal_box_null","box","null",4,1,60
"498","resize_62_animal_empty_H.jpg","resize_62_animal_empty_H","resize","62","animal","60_animal_empty_H","empty","H",4,2,60
"499","resize_62_animal_empty_L.jpg","resize_62_animal_empty_L","resize","62","animal","60_animal_empty_L","empty","L",4,2,60
"500","resize_62_animal_empty_M.jpg","resize_62_animal_empty_M","resize","62","animal","60_animal_empty_M","empty","M",4,2,60
"501","resize_62_animal_full_null.jpg","resize_62_animal_full_null","resize","62","animal","60_animal_full_null","full","null",4,0,60
"502","resize_62_animal_trans_H.jpg","resize_62_animal_trans_H","resize","62","animal","60_animal_trans_H","trans","H",4,3,60
"503","resize_62_animal_trans_L.jpg","resize_62_animal_trans_L","resize","62","animal","60_animal_trans_L","trans","L",4,3,60
"504","resize_62_animal_trans_M.jpg","resize_62_animal_trans_M","resize","62","animal","60_animal_trans_M","trans","M",4,3,60
"505","resize_67_animal_box_null.jpg","resize_67_animal_box_null","resize","67","animal","64_animal_box_null","box","null",4,1,64
"506","resize_67_animal_empty_H.jpg","resize_67_animal_empty_H","resize","67","animal","64_animal_empty_H","empty","H",4,2,64
"507","resize_67_animal_empty_L.jpg","resize_67_animal_empty_L","resize","67","animal","64_animal_empty_L","empty","L",4,2,64
"508","resize_67_animal_empty_M.jpg","resize_67_animal_empty_M","resize","67","animal","64_animal_empty_M","empty","M",4,2,64
"509","resize_67_animal_full_null.jpg","resize_67_animal_full_null","resize","67","animal","64_animal_full_null","full","null",4,0,64
"510","resize_67_animal_trans_H.jpg","resize_67_animal_trans_H","resize","67","animal","64_animal_trans_H","trans","H",4,3,64
"511","resize_67_animal_trans_L.jpg","resize_67_animal_trans_L","resize","67","animal","64_animal_trans_L","trans","L",4,3,64
"512","resize_67_animal_trans_M.jpg","resize_67_animal_trans_M","resize","67","animal","64_animal_trans_M","trans","M",4,3,64
