"","fname2","fnamenoext","no","newname","category","transp","blur","catord","trans_order","realnumber"
"1","01_person_box_null.jpg","01_person_box_null","01","1_person_box_null","person","box","null",1,1,1
"2","01_person_empty_H.jpg","01_person_empty_H","01","1_person_empty_H","person","empty","H",1,2,1
"3","01_person_empty_L.jpg","01_person_empty_L","01","1_person_empty_L","person","empty","L",1,2,1
"4","01_person_empty_M.jpg","01_person_empty_M","01","1_person_empty_M","person","empty","M",1,2,1
"5","01_person_full_null.jpg","01_person_full_null","01","1_person_full_null","person","full","null",1,0,1
"6","01_person_lowtrans_H.jpg","01_person_lowtrans_H","01","1_person_lowtrans_H","person","lowtrans","H",1,4,1
"7","01_person_lowtrans_L.jpg","01_person_lowtrans_L","01","1_person_lowtrans_L","person","lowtrans","L",1,4,1
"8","01_person_lowtrans_M.jpg","01_person_lowtrans_M","01","1_person_lowtrans_M","person","lowtrans","M",1,4,1
"9","01_person_trans_H.jpg","01_person_trans_H","01","1_person_trans_H","person","trans","H",1,3,1
"10","01_person_trans_L.jpg","01_person_trans_L","01","1_person_trans_L","person","trans","L",1,3,1
"11","01_person_trans_M.jpg","01_person_trans_M","01","1_person_trans_M","person","trans","M",1,3,1
"12","03_person_box_null.jpg","03_person_box_null","03","5_person_box_null","person","box","null",1,1,5
"13","03_person_empty_H.jpg","03_person_empty_H","03","5_person_empty_H","person","empty","H",1,2,5
"14","03_person_empty_L.jpg","03_person_empty_L","03","5_person_empty_L","person","empty","L",1,2,5
"15","03_person_empty_M.jpg","03_person_empty_M","03","5_person_empty_M","person","empty","M",1,2,5
"16","03_person_full_null.jpg","03_person_full_null","03","5_person_full_null","person","full","null",1,0,5
"17","03_person_lowtrans_H.jpg","03_person_lowtrans_H","03","5_person_lowtrans_H","person","lowtrans","H",1,4,5
"18","03_person_lowtrans_L.jpg","03_person_lowtrans_L","03","5_person_lowtrans_L","person","lowtrans","L",1,4,5
"19","03_person_lowtrans_M.jpg","03_person_lowtrans_M","03","5_person_lowtrans_M","person","lowtrans","M",1,4,5
"20","03_person_trans_H.jpg","03_person_trans_H","03","5_person_trans_H","person","trans","H",1,3,5
"21","03_person_trans_L.jpg","03_person_trans_L","03","5_person_trans_L","person","trans","L",1,3,5
"22","03_person_trans_M.jpg","03_person_trans_M","03","5_person_trans_M","person","trans","M",1,3,5
"23","04_person_box_null.jpg","04_person_box_null","04","9_person_box_null","person","box","null",1,1,9
"24","04_person_empty_H.jpg","04_person_empty_H","04","9_person_empty_H","person","empty","H",1,2,9
"25","04_person_empty_L.jpg","04_person_empty_L","04","9_person_empty_L","person","empty","L",1,2,9
"26","04_person_empty_M.jpg","04_person_empty_M","04","9_person_empty_M","person","empty","M",1,2,9
"27","04_person_full_null.jpg","04_person_full_null","04","9_person_full_null","person","full","null",1,0,9
"28","04_person_lowtrans_H.jpg","04_person_lowtrans_H","04","9_person_lowtrans_H","person","lowtrans","H",1,4,9
"29","04_person_lowtrans_L.jpg","04_person_lowtrans_L","04","9_person_lowtrans_L","person","lowtrans","L",1,4,9
"30","04_person_lowtrans_M.jpg","04_person_lowtrans_M","04","9_person_lowtrans_M","person","lowtrans","M",1,4,9
"31","04_person_trans_H.jpg","04_person_trans_H","04","9_person_trans_H","person","trans","H",1,3,9
"32","04_person_trans_L.jpg","04_person_trans_L","04","9_person_trans_L","person","trans","L",1,3,9
"33","04_person_trans_M.jpg","04_person_trans_M","04","9_person_trans_M","person","trans","M",1,3,9
"34","10_person_box_null.jpg","10_person_box_null","10","13_person_box_null","person","box","null",1,1,13
"35","10_person_empty_H.jpg","10_person_empty_H","10","13_person_empty_H","person","empty","H",1,2,13
"36","10_person_empty_L.jpg","10_person_empty_L","10","13_person_empty_L","person","empty","L",1,2,13
"37","10_person_empty_M.jpg","10_person_empty_M","10","13_person_empty_M","person","empty","M",1,2,13
"38","10_person_full_null.jpg","10_person_full_null","10","13_person_full_null","person","full","null",1,0,13
"39","10_person_lowtrans_H.jpg","10_person_lowtrans_H","10","13_person_lowtrans_H","person","lowtrans","H",1,4,13
"40","10_person_lowtrans_L.jpg","10_person_lowtrans_L","10","13_person_lowtrans_L","person","lowtrans","L",1,4,13
"41","10_person_lowtrans_M.jpg","10_person_lowtrans_M","10","13_person_lowtrans_M","person","lowtrans","M",1,4,13
"42","10_person_trans_H.jpg","10_person_trans_H","10","13_person_trans_H","person","trans","H",1,3,13
"43","10_person_trans_L.jpg","10_person_trans_L","10","13_person_trans_L","person","trans","L",1,3,13
"44","10_person_trans_M.jpg","10_person_trans_M","10","13_person_trans_M","person","trans","M",1,3,13
"45","12_person_box_null.jpg","12_person_box_null","12","17_person_box_null","person","box","null",1,1,17
"46","12_person_empty_H.jpg","12_person_empty_H","12","17_person_empty_H","person","empty","H",1,2,17
"47","12_person_empty_L.jpg","12_person_empty_L","12","17_person_empty_L","person","empty","L",1,2,17
"48","12_person_empty_M.jpg","12_person_empty_M","12","17_person_empty_M","person","empty","M",1,2,17
"49","12_person_full_null.jpg","12_person_full_null","12","17_person_full_null","person","full","null",1,0,17
"50","12_person_lowtrans_H.jpg","12_person_lowtrans_H","12","17_person_lowtrans_H","person","lowtrans","H",1,4,17
"51","12_person_lowtrans_L.jpg","12_person_lowtrans_L","12","17_person_lowtrans_L","person","lowtrans","L",1,4,17
"52","12_person_lowtrans_M.jpg","12_person_lowtrans_M","12","17_person_lowtrans_M","person","lowtrans","M",1,4,17
"53","12_person_trans_H.jpg","12_person_trans_H","12","17_person_trans_H","person","trans","H",1,3,17
"54","12_person_trans_L.jpg","12_person_trans_L","12","17_person_trans_L","person","trans","L",1,3,17
"55","12_person_trans_M.jpg","12_person_trans_M","12","17_person_trans_M","person","trans","M",1,3,17
"56","15_person_box_null.jpg","15_person_box_null","15","21_person_box_null","person","box","null",1,1,21
"57","15_person_empty_H.jpg","15_person_empty_H","15","21_person_empty_H","person","empty","H",1,2,21
"58","15_person_empty_L.jpg","15_person_empty_L","15","21_person_empty_L","person","empty","L",1,2,21
"59","15_person_empty_M.jpg","15_person_empty_M","15","21_person_empty_M","person","empty","M",1,2,21
"60","15_person_full_null.jpg","15_person_full_null","15","21_person_full_null","person","full","null",1,0,21
"61","15_person_lowtrans_H.jpg","15_person_lowtrans_H","15","21_person_lowtrans_H","person","lowtrans","H",1,4,21
"62","15_person_lowtrans_L.jpg","15_person_lowtrans_L","15","21_person_lowtrans_L","person","lowtrans","L",1,4,21
"63","15_person_lowtrans_M.jpg","15_person_lowtrans_M","15","21_person_lowtrans_M","person","lowtrans","M",1,4,21
"64","15_person_trans_H.jpg","15_person_trans_H","15","21_person_trans_H","person","trans","H",1,3,21
"65","15_person_trans_L.jpg","15_person_trans_L","15","21_person_trans_L","person","trans","L",1,3,21
"66","15_person_trans_M.jpg","15_person_trans_M","15","21_person_trans_M","person","trans","M",1,3,21
"67","17_person_box_null.jpg","17_person_box_null","17","25_person_box_null","person","box","null",1,1,25
"68","17_person_empty_H.jpg","17_person_empty_H","17","25_person_empty_H","person","empty","H",1,2,25
"69","17_person_empty_L.jpg","17_person_empty_L","17","25_person_empty_L","person","empty","L",1,2,25
"70","17_person_empty_M.jpg","17_person_empty_M","17","25_person_empty_M","person","empty","M",1,2,25
"71","17_person_full_null.jpg","17_person_full_null","17","25_person_full_null","person","full","null",1,0,25
"72","17_person_lowtrans_H.jpg","17_person_lowtrans_H","17","25_person_lowtrans_H","person","lowtrans","H",1,4,25
"73","17_person_lowtrans_L.jpg","17_person_lowtrans_L","17","25_person_lowtrans_L","person","lowtrans","L",1,4,25
"74","17_person_lowtrans_M.jpg","17_person_lowtrans_M","17","25_person_lowtrans_M","person","lowtrans","M",1,4,25
"75","17_person_trans_H.jpg","17_person_trans_H","17","25_person_trans_H","person","trans","H",1,3,25
"76","17_person_trans_L.jpg","17_person_trans_L","17","25_person_trans_L","person","trans","L",1,3,25
"77","17_person_trans_M.jpg","17_person_trans_M","17","25_person_trans_M","person","trans","M",1,3,25
"78","22_person_box_null.jpg","22_person_box_null","22","29_person_box_null","person","box","null",1,1,29
"79","22_person_empty_H.jpg","22_person_empty_H","22","29_person_empty_H","person","empty","H",1,2,29
"80","22_person_empty_L.jpg","22_person_empty_L","22","29_person_empty_L","person","empty","L",1,2,29
"81","22_person_empty_M.jpg","22_person_empty_M","22","29_person_empty_M","person","empty","M",1,2,29
"82","22_person_full_null.jpg","22_person_full_null","22","29_person_full_null","person","full","null",1,0,29
"83","22_person_lowtrans_H.jpg","22_person_lowtrans_H","22","29_person_lowtrans_H","person","lowtrans","H",1,4,29
"84","22_person_lowtrans_L.jpg","22_person_lowtrans_L","22","29_person_lowtrans_L","person","lowtrans","L",1,4,29
"85","22_person_lowtrans_M.jpg","22_person_lowtrans_M","22","29_person_lowtrans_M","person","lowtrans","M",1,4,29
"86","22_person_trans_H.jpg","22_person_trans_H","22","29_person_trans_H","person","trans","H",1,3,29
"87","22_person_trans_L.jpg","22_person_trans_L","22","29_person_trans_L","person","trans","L",1,3,29
"88","22_person_trans_M.jpg","22_person_trans_M","22","29_person_trans_M","person","trans","M",1,3,29
"89","28_person_box_null.jpg","28_person_box_null","28","33_person_box_null","person","box","null",1,1,33
"90","28_person_empty_H.jpg","28_person_empty_H","28","33_person_empty_H","person","empty","H",1,2,33
"91","28_person_empty_L.jpg","28_person_empty_L","28","33_person_empty_L","person","empty","L",1,2,33
"92","28_person_empty_M.jpg","28_person_empty_M","28","33_person_empty_M","person","empty","M",1,2,33
"93","28_person_full_null.jpg","28_person_full_null","28","33_person_full_null","person","full","null",1,0,33
"94","28_person_lowtrans_H.jpg","28_person_lowtrans_H","28","33_person_lowtrans_H","person","lowtrans","H",1,4,33
"95","28_person_lowtrans_L.jpg","28_person_lowtrans_L","28","33_person_lowtrans_L","person","lowtrans","L",1,4,33
"96","28_person_lowtrans_M.jpg","28_person_lowtrans_M","28","33_person_lowtrans_M","person","lowtrans","M",1,4,33
"97","28_person_trans_H.jpg","28_person_trans_H","28","33_person_trans_H","person","trans","H",1,3,33
"98","28_person_trans_L.jpg","28_person_trans_L","28","33_person_trans_L","person","trans","L",1,3,33
"99","28_person_trans_M.jpg","28_person_trans_M","28","33_person_trans_M","person","trans","M",1,3,33
"100","29_person_box_null.jpg","29_person_box_null","29","37_person_box_null","person","box","null",1,1,37
"101","29_person_empty_H.jpg","29_person_empty_H","29","37_person_empty_H","person","empty","H",1,2,37
"102","29_person_empty_L.jpg","29_person_empty_L","29","37_person_empty_L","person","empty","L",1,2,37
"103","29_person_empty_M.jpg","29_person_empty_M","29","37_person_empty_M","person","empty","M",1,2,37
"104","29_person_full_null.jpg","29_person_full_null","29","37_person_full_null","person","full","null",1,0,37
"105","29_person_lowtrans_H.jpg","29_person_lowtrans_H","29","37_person_lowtrans_H","person","lowtrans","H",1,4,37
"106","29_person_lowtrans_L.jpg","29_person_lowtrans_L","29","37_person_lowtrans_L","person","lowtrans","L",1,4,37
"107","29_person_lowtrans_M.jpg","29_person_lowtrans_M","29","37_person_lowtrans_M","person","lowtrans","M",1,4,37
"108","29_person_trans_H.jpg","29_person_trans_H","29","37_person_trans_H","person","trans","H",1,3,37
"109","29_person_trans_L.jpg","29_person_trans_L","29","37_person_trans_L","person","trans","L",1,3,37
"110","29_person_trans_M.jpg","29_person_trans_M","29","37_person_trans_M","person","trans","M",1,3,37
"111","32_person_box_null.jpg","32_person_box_null","32","41_person_box_null","person","box","null",1,1,41
"112","32_person_empty_H.jpg","32_person_empty_H","32","41_person_empty_H","person","empty","H",1,2,41
"113","32_person_empty_L.jpg","32_person_empty_L","32","41_person_empty_L","person","empty","L",1,2,41
"114","32_person_empty_M.jpg","32_person_empty_M","32","41_person_empty_M","person","empty","M",1,2,41
"115","32_person_full_null.jpg","32_person_full_null","32","41_person_full_null","person","full","null",1,0,41
"116","32_person_lowtrans_H.jpg","32_person_lowtrans_H","32","41_person_lowtrans_H","person","lowtrans","H",1,4,41
"117","32_person_lowtrans_L.jpg","32_person_lowtrans_L","32","41_person_lowtrans_L","person","lowtrans","L",1,4,41
"118","32_person_lowtrans_M.jpg","32_person_lowtrans_M","32","41_person_lowtrans_M","person","lowtrans","M",1,4,41
"119","32_person_trans_H.jpg","32_person_trans_H","32","41_person_trans_H","person","trans","H",1,3,41
"120","32_person_trans_L.jpg","32_person_trans_L","32","41_person_trans_L","person","trans","L",1,3,41
"121","32_person_trans_M.jpg","32_person_trans_M","32","41_person_trans_M","person","trans","M",1,3,41
"122","56_person_box_null.jpg","56_person_box_null","56","45_person_box_null","person","box","null",1,1,45
"123","56_person_empty_H.jpg","56_person_empty_H","56","45_person_empty_H","person","empty","H",1,2,45
"124","56_person_empty_L.jpg","56_person_empty_L","56","45_person_empty_L","person","empty","L",1,2,45
"125","56_person_empty_M.jpg","56_person_empty_M","56","45_person_empty_M","person","empty","M",1,2,45
"126","56_person_full_null.jpg","56_person_full_null","56","45_person_full_null","person","full","null",1,0,45
"127","56_person_lowtrans_H.jpg","56_person_lowtrans_H","56","45_person_lowtrans_H","person","lowtrans","H",1,4,45
"128","56_person_lowtrans_L.jpg","56_person_lowtrans_L","56","45_person_lowtrans_L","person","lowtrans","L",1,4,45
"129","56_person_lowtrans_M.jpg","56_person_lowtrans_M","56","45_person_lowtrans_M","person","lowtrans","M",1,4,45
"130","56_person_trans_H.jpg","56_person_trans_H","56","45_person_trans_H","person","trans","H",1,3,45
"131","56_person_trans_L.jpg","56_person_trans_L","56","45_person_trans_L","person","trans","L",1,3,45
"132","56_person_trans_M.jpg","56_person_trans_M","56","45_person_trans_M","person","trans","M",1,3,45
"133","60_person_box_null.jpg","60_person_box_null","60","49_person_box_null","person","box","null",1,1,49
"134","60_person_empty_H.jpg","60_person_empty_H","60","49_person_empty_H","person","empty","H",1,2,49
"135","60_person_empty_L.jpg","60_person_empty_L","60","49_person_empty_L","person","empty","L",1,2,49
"136","60_person_empty_M.jpg","60_person_empty_M","60","49_person_empty_M","person","empty","M",1,2,49
"137","60_person_full_null.jpg","60_person_full_null","60","49_person_full_null","person","full","null",1,0,49
"138","60_person_lowtrans_H.jpg","60_person_lowtrans_H","60","49_person_lowtrans_H","person","lowtrans","H",1,4,49
"139","60_person_lowtrans_L.jpg","60_person_lowtrans_L","60","49_person_lowtrans_L","person","lowtrans","L",1,4,49
"140","60_person_lowtrans_M.jpg","60_person_lowtrans_M","60","49_person_lowtrans_M","person","lowtrans","M",1,4,49
"141","60_person_trans_H.jpg","60_person_trans_H","60","49_person_trans_H","person","trans","H",1,3,49
"142","60_person_trans_L.jpg","60_person_trans_L","60","49_person_trans_L","person","trans","L",1,3,49
"143","60_person_trans_M.jpg","60_person_trans_M","60","49_person_trans_M","person","trans","M",1,3,49
"144","69_person_box_null.jpg","69_person_box_null","69","53_person_box_null","person","box","null",1,1,53
"145","69_person_empty_H.jpg","69_person_empty_H","69","53_person_empty_H","person","empty","H",1,2,53
"146","69_person_empty_L.jpg","69_person_empty_L","69","53_person_empty_L","person","empty","L",1,2,53
"147","69_person_empty_M.jpg","69_person_empty_M","69","53_person_empty_M","person","empty","M",1,2,53
"148","69_person_full_null.jpg","69_person_full_null","69","53_person_full_null","person","full","null",1,0,53
"149","69_person_lowtrans_H.jpg","69_person_lowtrans_H","69","53_person_lowtrans_H","person","lowtrans","H",1,4,53
"150","69_person_lowtrans_L.jpg","69_person_lowtrans_L","69","53_person_lowtrans_L","person","lowtrans","L",1,4,53
"151","69_person_lowtrans_M.jpg","69_person_lowtrans_M","69","53_person_lowtrans_M","person","lowtrans","M",1,4,53
"152","69_person_trans_H.jpg","69_person_trans_H","69","53_person_trans_H","person","trans","H",1,3,53
"153","69_person_trans_L.jpg","69_person_trans_L","69","53_person_trans_L","person","trans","L",1,3,53
"154","69_person_trans_M.jpg","69_person_trans_M","69","53_person_trans_M","person","trans","M",1,3,53
"155","72_person_box_null.jpg","72_person_box_null","72","57_person_box_null","person","box","null",1,1,57
"156","72_person_empty_H.jpg","72_person_empty_H","72","57_person_empty_H","person","empty","H",1,2,57
"157","72_person_empty_L.jpg","72_person_empty_L","72","57_person_empty_L","person","empty","L",1,2,57
"158","72_person_empty_M.jpg","72_person_empty_M","72","57_person_empty_M","person","empty","M",1,2,57
"159","72_person_full_null.jpg","72_person_full_null","72","57_person_full_null","person","full","null",1,0,57
"160","72_person_lowtrans_H.jpg","72_person_lowtrans_H","72","57_person_lowtrans_H","person","lowtrans","H",1,4,57
"161","72_person_lowtrans_L.jpg","72_person_lowtrans_L","72","57_person_lowtrans_L","person","lowtrans","L",1,4,57
"162","72_person_lowtrans_M.jpg","72_person_lowtrans_M","72","57_person_lowtrans_M","person","lowtrans","M",1,4,57
"163","72_person_trans_H.jpg","72_person_trans_H","72","57_person_trans_H","person","trans","H",1,3,57
"164","72_person_trans_L.jpg","72_person_trans_L","72","57_person_trans_L","person","trans","L",1,3,57
"165","72_person_trans_M.jpg","72_person_trans_M","72","57_person_trans_M","person","trans","M",1,3,57
"166","73_person_box_null.jpg","73_person_box_null","73","61_person_box_null","person","box","null",1,1,61
"167","73_person_empty_H.jpg","73_person_empty_H","73","61_person_empty_H","person","empty","H",1,2,61
"168","73_person_empty_L.jpg","73_person_empty_L","73","61_person_empty_L","person","empty","L",1,2,61
"169","73_person_empty_M.jpg","73_person_empty_M","73","61_person_empty_M","person","empty","M",1,2,61
"170","73_person_full_null.jpg","73_person_full_null","73","61_person_full_null","person","full","null",1,0,61
"171","73_person_lowtrans_H.jpg","73_person_lowtrans_H","73","61_person_lowtrans_H","person","lowtrans","H",1,4,61
"172","73_person_lowtrans_L.jpg","73_person_lowtrans_L","73","61_person_lowtrans_L","person","lowtrans","L",1,4,61
"173","73_person_lowtrans_M.jpg","73_person_lowtrans_M","73","61_person_lowtrans_M","person","lowtrans","M",1,4,61
"174","73_person_trans_H.jpg","73_person_trans_H","73","61_person_trans_H","person","trans","H",1,3,61
"175","73_person_trans_L.jpg","73_person_trans_L","73","61_person_trans_L","person","trans","L",1,3,61
"176","73_person_trans_M.jpg","73_person_trans_M","73","61_person_trans_M","person","trans","M",1,3,61
"177","02_furniture_box_null.jpg","02_furniture_box_null","02","2_furniture_box_null","furniture","box","null",2,1,2
"178","02_furniture_empty_H.jpg","02_furniture_empty_H","02","2_furniture_empty_H","furniture","empty","H",2,2,2
"179","02_furniture_empty_L.jpg","02_furniture_empty_L","02","2_furniture_empty_L","furniture","empty","L",2,2,2
"180","02_furniture_empty_M.jpg","02_furniture_empty_M","02","2_furniture_empty_M","furniture","empty","M",2,2,2
"181","02_furniture_full_null.jpg","02_furniture_full_null","02","2_furniture_full_null","furniture","full","null",2,0,2
"182","02_furniture_lowtrans_H.jpg","02_furniture_lowtrans_H","02","2_furniture_lowtrans_H","furniture","lowtrans","H",2,4,2
"183","02_furniture_lowtrans_L.jpg","02_furniture_lowtrans_L","02","2_furniture_lowtrans_L","furniture","lowtrans","L",2,4,2
"184","02_furniture_lowtrans_M.jpg","02_furniture_lowtrans_M","02","2_furniture_lowtrans_M","furniture","lowtrans","M",2,4,2
"185","02_furniture_trans_H.jpg","02_furniture_trans_H","02","2_furniture_trans_H","furniture","trans","H",2,3,2
"186","02_furniture_trans_L.jpg","02_furniture_trans_L","02","2_furniture_trans_L","furniture","trans","L",2,3,2
"187","02_furniture_trans_M.jpg","02_furniture_trans_M","02","2_furniture_trans_M","furniture","trans","M",2,3,2
"188","05_furniture_box_null.jpg","05_furniture_box_null","05","6_furniture_box_null","furniture","box","null",2,1,6
"189","05_furniture_empty_H.jpg","05_furniture_empty_H","05","6_furniture_empty_H","furniture","empty","H",2,2,6
"190","05_furniture_empty_L.jpg","05_furniture_empty_L","05","6_furniture_empty_L","furniture","empty","L",2,2,6
"191","05_furniture_empty_M.jpg","05_furniture_empty_M","05","6_furniture_empty_M","furniture","empty","M",2,2,6
"192","05_furniture_full_null.jpg","05_furniture_full_null","05","6_furniture_full_null","furniture","full","null",2,0,6
"193","05_furniture_lowtrans_H.jpg","05_furniture_lowtrans_H","05","6_furniture_lowtrans_H","furniture","lowtrans","H",2,4,6
"194","05_furniture_lowtrans_L.jpg","05_furniture_lowtrans_L","05","6_furniture_lowtrans_L","furniture","lowtrans","L",2,4,6
"195","05_furniture_lowtrans_M.jpg","05_furniture_lowtrans_M","05","6_furniture_lowtrans_M","furniture","lowtrans","M",2,4,6
"196","05_furniture_trans_H.jpg","05_furniture_trans_H","05","6_furniture_trans_H","furniture","trans","H",2,3,6
"197","05_furniture_trans_L.jpg","05_furniture_trans_L","05","6_furniture_trans_L","furniture","trans","L",2,3,6
"198","05_furniture_trans_M.jpg","05_furniture_trans_M","05","6_furniture_trans_M","furniture","trans","M",2,3,6
"199","07_furniture_box_null.jpg","07_furniture_box_null","07","10_furniture_box_null","furniture","box","null",2,1,10
"200","07_furniture_empty_H.jpg","07_furniture_empty_H","07","10_furniture_empty_H","furniture","empty","H",2,2,10
"201","07_furniture_empty_L.jpg","07_furniture_empty_L","07","10_furniture_empty_L","furniture","empty","L",2,2,10
"202","07_furniture_empty_M.jpg","07_furniture_empty_M","07","10_furniture_empty_M","furniture","empty","M",2,2,10
"203","07_furniture_full_null.jpg","07_furniture_full_null","07","10_furniture_full_null","furniture","full","null",2,0,10
"204","07_furniture_lowtrans_H.jpg","07_furniture_lowtrans_H","07","10_furniture_lowtrans_H","furniture","lowtrans","H",2,4,10
"205","07_furniture_lowtrans_L.jpg","07_furniture_lowtrans_L","07","10_furniture_lowtrans_L","furniture","lowtrans","L",2,4,10
"206","07_furniture_lowtrans_M.jpg","07_furniture_lowtrans_M","07","10_furniture_lowtrans_M","furniture","lowtrans","M",2,4,10
"207","07_furniture_trans_H.jpg","07_furniture_trans_H","07","10_furniture_trans_H","furniture","trans","H",2,3,10
"208","07_furniture_trans_L.jpg","07_furniture_trans_L","07","10_furniture_trans_L","furniture","trans","L",2,3,10
"209","07_furniture_trans_M.jpg","07_furniture_trans_M","07","10_furniture_trans_M","furniture","trans","M",2,3,10
"210","13_furniture_box_null.jpg","13_furniture_box_null","13","14_furniture_box_null","furniture","box","null",2,1,14
"211","13_furniture_empty_H.jpg","13_furniture_empty_H","13","14_furniture_empty_H","furniture","empty","H",2,2,14
"212","13_furniture_empty_L.jpg","13_furniture_empty_L","13","14_furniture_empty_L","furniture","empty","L",2,2,14
"213","13_furniture_empty_M.jpg","13_furniture_empty_M","13","14_furniture_empty_M","furniture","empty","M",2,2,14
"214","13_furniture_full_null.jpg","13_furniture_full_null","13","14_furniture_full_null","furniture","full","null",2,0,14
"215","13_furniture_lowtrans_H.jpg","13_furniture_lowtrans_H","13","14_furniture_lowtrans_H","furniture","lowtrans","H",2,4,14
"216","13_furniture_lowtrans_L.jpg","13_furniture_lowtrans_L","13","14_furniture_lowtrans_L","furniture","lowtrans","L",2,4,14
"217","13_furniture_lowtrans_M.jpg","13_furniture_lowtrans_M","13","14_furniture_lowtrans_M","furniture","lowtrans","M",2,4,14
"218","13_furniture_trans_H.jpg","13_furniture_trans_H","13","14_furniture_trans_H","furniture","trans","H",2,3,14
"219","13_furniture_trans_L.jpg","13_furniture_trans_L","13","14_furniture_trans_L","furniture","trans","L",2,3,14
"220","13_furniture_trans_M.jpg","13_furniture_trans_M","13","14_furniture_trans_M","furniture","trans","M",2,3,14
"221","20_furniture_box_null.jpg","20_furniture_box_null","20","18_furniture_box_null","furniture","box","null",2,1,18
"222","20_furniture_empty_H.jpg","20_furniture_empty_H","20","18_furniture_empty_H","furniture","empty","H",2,2,18
"223","20_furniture_empty_L.jpg","20_furniture_empty_L","20","18_furniture_empty_L","furniture","empty","L",2,2,18
"224","20_furniture_empty_M.jpg","20_furniture_empty_M","20","18_furniture_empty_M","furniture","empty","M",2,2,18
"225","20_furniture_full_null.jpg","20_furniture_full_null","20","18_furniture_full_null","furniture","full","null",2,0,18
"226","20_furniture_lowtrans_H.jpg","20_furniture_lowtrans_H","20","18_furniture_lowtrans_H","furniture","lowtrans","H",2,4,18
"227","20_furniture_lowtrans_L.jpg","20_furniture_lowtrans_L","20","18_furniture_lowtrans_L","furniture","lowtrans","L",2,4,18
"228","20_furniture_lowtrans_M.jpg","20_furniture_lowtrans_M","20","18_furniture_lowtrans_M","furniture","lowtrans","M",2,4,18
"229","20_furniture_trans_H.jpg","20_furniture_trans_H","20","18_furniture_trans_H","furniture","trans","H",2,3,18
"230","20_furniture_trans_L.jpg","20_furniture_trans_L","20","18_furniture_trans_L","furniture","trans","L",2,3,18
"231","20_furniture_trans_M.jpg","20_furniture_trans_M","20","18_furniture_trans_M","furniture","trans","M",2,3,18
"232","23_furniture_box_null.jpg","23_furniture_box_null","23","22_furniture_box_null","furniture","box","null",2,1,22
"233","23_furniture_empty_H.jpg","23_furniture_empty_H","23","22_furniture_empty_H","furniture","empty","H",2,2,22
"234","23_furniture_empty_L.jpg","23_furniture_empty_L","23","22_furniture_empty_L","furniture","empty","L",2,2,22
"235","23_furniture_empty_M.jpg","23_furniture_empty_M","23","22_furniture_empty_M","furniture","empty","M",2,2,22
"236","23_furniture_full_null.jpg","23_furniture_full_null","23","22_furniture_full_null","furniture","full","null",2,0,22
"237","23_furniture_lowtrans_H.jpg","23_furniture_lowtrans_H","23","22_furniture_lowtrans_H","furniture","lowtrans","H",2,4,22
"238","23_furniture_lowtrans_L.jpg","23_furniture_lowtrans_L","23","22_furniture_lowtrans_L","furniture","lowtrans","L",2,4,22
"239","23_furniture_lowtrans_M.jpg","23_furniture_lowtrans_M","23","22_furniture_lowtrans_M","furniture","lowtrans","M",2,4,22
"240","23_furniture_trans_H.jpg","23_furniture_trans_H","23","22_furniture_trans_H","furniture","trans","H",2,3,22
"241","23_furniture_trans_L.jpg","23_furniture_trans_L","23","22_furniture_trans_L","furniture","trans","L",2,3,22
"242","23_furniture_trans_M.jpg","23_furniture_trans_M","23","22_furniture_trans_M","furniture","trans","M",2,3,22
"243","26_furniture_box_null.jpg","26_furniture_box_null","26","26_furniture_box_null","furniture","box","null",2,1,26
"244","26_furniture_empty_H.jpg","26_furniture_empty_H","26","26_furniture_empty_H","furniture","empty","H",2,2,26
"245","26_furniture_empty_L.jpg","26_furniture_empty_L","26","26_furniture_empty_L","furniture","empty","L",2,2,26
"246","26_furniture_empty_M.jpg","26_furniture_empty_M","26","26_furniture_empty_M","furniture","empty","M",2,2,26
"247","26_furniture_full_null.jpg","26_furniture_full_null","26","26_furniture_full_null","furniture","full","null",2,0,26
"248","26_furniture_lowtrans_H.jpg","26_furniture_lowtrans_H","26","26_furniture_lowtrans_H","furniture","lowtrans","H",2,4,26
"249","26_furniture_lowtrans_L.jpg","26_furniture_lowtrans_L","26","26_furniture_lowtrans_L","furniture","lowtrans","L",2,4,26
"250","26_furniture_lowtrans_M.jpg","26_furniture_lowtrans_M","26","26_furniture_lowtrans_M","furniture","lowtrans","M",2,4,26
"251","26_furniture_trans_H.jpg","26_furniture_trans_H","26","26_furniture_trans_H","furniture","trans","H",2,3,26
"252","26_furniture_trans_L.jpg","26_furniture_trans_L","26","26_furniture_trans_L","furniture","trans","L",2,3,26
"253","26_furniture_trans_M.jpg","26_furniture_trans_M","26","26_furniture_trans_M","furniture","trans","M",2,3,26
"254","37_furniture_box_null.jpg","37_furniture_box_null","37","30_furniture_box_null","furniture","box","null",2,1,30
"255","37_furniture_empty_H.jpg","37_furniture_empty_H","37","30_furniture_empty_H","furniture","empty","H",2,2,30
"256","37_furniture_empty_L.jpg","37_furniture_empty_L","37","30_furniture_empty_L","furniture","empty","L",2,2,30
"257","37_furniture_empty_M.jpg","37_furniture_empty_M","37","30_furniture_empty_M","furniture","empty","M",2,2,30
"258","37_furniture_full_null.jpg","37_furniture_full_null","37","30_furniture_full_null","furniture","full","null",2,0,30
"259","37_furniture_lowtrans_H.jpg","37_furniture_lowtrans_H","37","30_furniture_lowtrans_H","furniture","lowtrans","H",2,4,30
"260","37_furniture_lowtrans_L.jpg","37_furniture_lowtrans_L","37","30_furniture_lowtrans_L","furniture","lowtrans","L",2,4,30
"261","37_furniture_lowtrans_M.jpg","37_furniture_lowtrans_M","37","30_furniture_lowtrans_M","furniture","lowtrans","M",2,4,30
"262","37_furniture_trans_H.jpg","37_furniture_trans_H","37","30_furniture_trans_H","furniture","trans","H",2,3,30
"263","37_furniture_trans_L.jpg","37_furniture_trans_L","37","30_furniture_trans_L","furniture","trans","L",2,3,30
"264","37_furniture_trans_M.jpg","37_furniture_trans_M","37","30_furniture_trans_M","furniture","trans","M",2,3,30
"265","39_furniture_box_null.jpg","39_furniture_box_null","39","34_furniture_box_null","furniture","box","null",2,1,34
"266","39_furniture_empty_H.jpg","39_furniture_empty_H","39","34_furniture_empty_H","furniture","empty","H",2,2,34
"267","39_furniture_empty_L.jpg","39_furniture_empty_L","39","34_furniture_empty_L","furniture","empty","L",2,2,34
"268","39_furniture_empty_M.jpg","39_furniture_empty_M","39","34_furniture_empty_M","furniture","empty","M",2,2,34
"269","39_furniture_full_null.jpg","39_furniture_full_null","39","34_furniture_full_null","furniture","full","null",2,0,34
"270","39_furniture_lowtrans_H.jpg","39_furniture_lowtrans_H","39","34_furniture_lowtrans_H","furniture","lowtrans","H",2,4,34
"271","39_furniture_lowtrans_L.jpg","39_furniture_lowtrans_L","39","34_furniture_lowtrans_L","furniture","lowtrans","L",2,4,34
"272","39_furniture_lowtrans_M.jpg","39_furniture_lowtrans_M","39","34_furniture_lowtrans_M","furniture","lowtrans","M",2,4,34
"273","39_furniture_trans_H.jpg","39_furniture_trans_H","39","34_furniture_trans_H","furniture","trans","H",2,3,34
"274","39_furniture_trans_L.jpg","39_furniture_trans_L","39","34_furniture_trans_L","furniture","trans","L",2,3,34
"275","39_furniture_trans_M.jpg","39_furniture_trans_M","39","34_furniture_trans_M","furniture","trans","M",2,3,34
"276","46_furniture_box_null.jpg","46_furniture_box_null","46","38_furniture_box_null","furniture","box","null",2,1,38
"277","46_furniture_empty_H.jpg","46_furniture_empty_H","46","38_furniture_empty_H","furniture","empty","H",2,2,38
"278","46_furniture_empty_L.jpg","46_furniture_empty_L","46","38_furniture_empty_L","furniture","empty","L",2,2,38
"279","46_furniture_empty_M.jpg","46_furniture_empty_M","46","38_furniture_empty_M","furniture","empty","M",2,2,38
"280","46_furniture_full_null.jpg","46_furniture_full_null","46","38_furniture_full_null","furniture","full","null",2,0,38
"281","46_furniture_lowtrans_H.jpg","46_furniture_lowtrans_H","46","38_furniture_lowtrans_H","furniture","lowtrans","H",2,4,38
"282","46_furniture_lowtrans_L.jpg","46_furniture_lowtrans_L","46","38_furniture_lowtrans_L","furniture","lowtrans","L",2,4,38
"283","46_furniture_lowtrans_M.jpg","46_furniture_lowtrans_M","46","38_furniture_lowtrans_M","furniture","lowtrans","M",2,4,38
"284","46_furniture_trans_H.jpg","46_furniture_trans_H","46","38_furniture_trans_H","furniture","trans","H",2,3,38
"285","46_furniture_trans_L.jpg","46_furniture_trans_L","46","38_furniture_trans_L","furniture","trans","L",2,3,38
"286","46_furniture_trans_M.jpg","46_furniture_trans_M","46","38_furniture_trans_M","furniture","trans","M",2,3,38
"287","47_furniture_box_null.jpg","47_furniture_box_null","47","42_furniture_box_null","furniture","box","null",2,1,42
"288","47_furniture_empty_H.jpg","47_furniture_empty_H","47","42_furniture_empty_H","furniture","empty","H",2,2,42
"289","47_furniture_empty_L.jpg","47_furniture_empty_L","47","42_furniture_empty_L","furniture","empty","L",2,2,42
"290","47_furniture_empty_M.jpg","47_furniture_empty_M","47","42_furniture_empty_M","furniture","empty","M",2,2,42
"291","47_furniture_full_null.jpg","47_furniture_full_null","47","42_furniture_full_null","furniture","full","null",2,0,42
"292","47_furniture_lowtrans_H.jpg","47_furniture_lowtrans_H","47","42_furniture_lowtrans_H","furniture","lowtrans","H",2,4,42
"293","47_furniture_lowtrans_L.jpg","47_furniture_lowtrans_L","47","42_furniture_lowtrans_L","furniture","lowtrans","L",2,4,42
"294","47_furniture_lowtrans_M.jpg","47_furniture_lowtrans_M","47","42_furniture_lowtrans_M","furniture","lowtrans","M",2,4,42
"295","47_furniture_trans_H.jpg","47_furniture_trans_H","47","42_furniture_trans_H","furniture","trans","H",2,3,42
"296","47_furniture_trans_L.jpg","47_furniture_trans_L","47","42_furniture_trans_L","furniture","trans","L",2,3,42
"297","47_furniture_trans_M.jpg","47_furniture_trans_M","47","42_furniture_trans_M","furniture","trans","M",2,3,42
"298","49_furniture_box_null.jpg","49_furniture_box_null","49","46_furniture_box_null","furniture","box","null",2,1,46
"299","49_furniture_empty_H.jpg","49_furniture_empty_H","49","46_furniture_empty_H","furniture","empty","H",2,2,46
"300","49_furniture_empty_L.jpg","49_furniture_empty_L","49","46_furniture_empty_L","furniture","empty","L",2,2,46
"301","49_furniture_empty_M.jpg","49_furniture_empty_M","49","46_furniture_empty_M","furniture","empty","M",2,2,46
"302","49_furniture_full_null.jpg","49_furniture_full_null","49","46_furniture_full_null","furniture","full","null",2,0,46
"303","49_furniture_lowtrans_H.jpg","49_furniture_lowtrans_H","49","46_furniture_lowtrans_H","furniture","lowtrans","H",2,4,46
"304","49_furniture_lowtrans_L.jpg","49_furniture_lowtrans_L","49","46_furniture_lowtrans_L","furniture","lowtrans","L",2,4,46
"305","49_furniture_lowtrans_M.jpg","49_furniture_lowtrans_M","49","46_furniture_lowtrans_M","furniture","lowtrans","M",2,4,46
"306","49_furniture_trans_H.jpg","49_furniture_trans_H","49","46_furniture_trans_H","furniture","trans","H",2,3,46
"307","49_furniture_trans_L.jpg","49_furniture_trans_L","49","46_furniture_trans_L","furniture","trans","L",2,3,46
"308","49_furniture_trans_M.jpg","49_furniture_trans_M","49","46_furniture_trans_M","furniture","trans","M",2,3,46
"309","54_furniture_box_null.jpg","54_furniture_box_null","54","50_furniture_box_null","furniture","box","null",2,1,50
"310","54_furniture_empty_H.jpg","54_furniture_empty_H","54","50_furniture_empty_H","furniture","empty","H",2,2,50
"311","54_furniture_empty_L.jpg","54_furniture_empty_L","54","50_furniture_empty_L","furniture","empty","L",2,2,50
"312","54_furniture_empty_M.jpg","54_furniture_empty_M","54","50_furniture_empty_M","furniture","empty","M",2,2,50
"313","54_furniture_full_null.jpg","54_furniture_full_null","54","50_furniture_full_null","furniture","full","null",2,0,50
"314","54_furniture_lowtrans_H.jpg","54_furniture_lowtrans_H","54","50_furniture_lowtrans_H","furniture","lowtrans","H",2,4,50
"315","54_furniture_lowtrans_L.jpg","54_furniture_lowtrans_L","54","50_furniture_lowtrans_L","furniture","lowtrans","L",2,4,50
"316","54_furniture_lowtrans_M.jpg","54_furniture_lowtrans_M","54","50_furniture_lowtrans_M","furniture","lowtrans","M",2,4,50
"317","54_furniture_trans_H.jpg","54_furniture_trans_H","54","50_furniture_trans_H","furniture","trans","H",2,3,50
"318","54_furniture_trans_L.jpg","54_furniture_trans_L","54","50_furniture_trans_L","furniture","trans","L",2,3,50
"319","54_furniture_trans_M.jpg","54_furniture_trans_M","54","50_furniture_trans_M","furniture","trans","M",2,3,50
"320","61_furniture_box_null.jpg","61_furniture_box_null","61","54_furniture_box_null","furniture","box","null",2,1,54
"321","61_furniture_empty_H.jpg","61_furniture_empty_H","61","54_furniture_empty_H","furniture","empty","H",2,2,54
"322","61_furniture_empty_L.jpg","61_furniture_empty_L","61","54_furniture_empty_L","furniture","empty","L",2,2,54
"323","61_furniture_empty_M.jpg","61_furniture_empty_M","61","54_furniture_empty_M","furniture","empty","M",2,2,54
"324","61_furniture_full_null.jpg","61_furniture_full_null","61","54_furniture_full_null","furniture","full","null",2,0,54
"325","61_furniture_lowtrans_H.jpg","61_furniture_lowtrans_H","61","54_furniture_lowtrans_H","furniture","lowtrans","H",2,4,54
"326","61_furniture_lowtrans_L.jpg","61_furniture_lowtrans_L","61","54_furniture_lowtrans_L","furniture","lowtrans","L",2,4,54
"327","61_furniture_lowtrans_M.jpg","61_furniture_lowtrans_M","61","54_furniture_lowtrans_M","furniture","lowtrans","M",2,4,54
"328","61_furniture_trans_H.jpg","61_furniture_trans_H","61","54_furniture_trans_H","furniture","trans","H",2,3,54
"329","61_furniture_trans_L.jpg","61_furniture_trans_L","61","54_furniture_trans_L","furniture","trans","L",2,3,54
"330","61_furniture_trans_M.jpg","61_furniture_trans_M","61","54_furniture_trans_M","furniture","trans","M",2,3,54
"331","62_furniture_box_null.jpg","62_furniture_box_null","62","58_furniture_box_null","furniture","box","null",2,1,58
"332","62_furniture_empty_H.jpg","62_furniture_empty_H","62","58_furniture_empty_H","furniture","empty","H",2,2,58
"333","62_furniture_empty_L.jpg","62_furniture_empty_L","62","58_furniture_empty_L","furniture","empty","L",2,2,58
"334","62_furniture_empty_M.jpg","62_furniture_empty_M","62","58_furniture_empty_M","furniture","empty","M",2,2,58
"335","62_furniture_full_null.jpg","62_furniture_full_null","62","58_furniture_full_null","furniture","full","null",2,0,58
"336","62_furniture_lowtrans_H.jpg","62_furniture_lowtrans_H","62","58_furniture_lowtrans_H","furniture","lowtrans","H",2,4,58
"337","62_furniture_lowtrans_L.jpg","62_furniture_lowtrans_L","62","58_furniture_lowtrans_L","furniture","lowtrans","L",2,4,58
"338","62_furniture_lowtrans_M.jpg","62_furniture_lowtrans_M","62","58_furniture_lowtrans_M","furniture","lowtrans","M",2,4,58
"339","62_furniture_trans_H.jpg","62_furniture_trans_H","62","58_furniture_trans_H","furniture","trans","H",2,3,58
"340","62_furniture_trans_L.jpg","62_furniture_trans_L","62","58_furniture_trans_L","furniture","trans","L",2,3,58
"341","62_furniture_trans_M.jpg","62_furniture_trans_M","62","58_furniture_trans_M","furniture","trans","M",2,3,58
"342","77_furniture_box_null.jpg","77_furniture_box_null","77","62_furniture_box_null","furniture","box","null",2,1,62
"343","77_furniture_empty_H.jpg","77_furniture_empty_H","77","62_furniture_empty_H","furniture","empty","H",2,2,62
"344","77_furniture_empty_L.jpg","77_furniture_empty_L","77","62_furniture_empty_L","furniture","empty","L",2,2,62
"345","77_furniture_empty_M.jpg","77_furniture_empty_M","77","62_furniture_empty_M","furniture","empty","M",2,2,62
"346","77_furniture_full_null.jpg","77_furniture_full_null","77","62_furniture_full_null","furniture","full","null",2,0,62
"347","77_furniture_lowtrans_H.jpg","77_furniture_lowtrans_H","77","62_furniture_lowtrans_H","furniture","lowtrans","H",2,4,62
"348","77_furniture_lowtrans_L.jpg","77_furniture_lowtrans_L","77","62_furniture_lowtrans_L","furniture","lowtrans","L",2,4,62
"349","77_furniture_lowtrans_M.jpg","77_furniture_lowtrans_M","77","62_furniture_lowtrans_M","furniture","lowtrans","M",2,4,62
"350","77_furniture_trans_H.jpg","77_furniture_trans_H","77","62_furniture_trans_H","furniture","trans","H",2,3,62
"351","77_furniture_trans_L.jpg","77_furniture_trans_L","77","62_furniture_trans_L","furniture","trans","L",2,3,62
"352","77_furniture_trans_M.jpg","77_furniture_trans_M","77","62_furniture_trans_M","furniture","trans","M",2,3,62
"353","08_car_box_null.jpg","08_car_box_null","08","3_car_box_null","car","box","null",3,1,3
"354","08_car_empty_H.jpg","08_car_empty_H","08","3_car_empty_H","car","empty","H",3,2,3
"355","08_car_empty_L.jpg","08_car_empty_L","08","3_car_empty_L","car","empty","L",3,2,3
"356","08_car_empty_M.jpg","08_car_empty_M","08","3_car_empty_M","car","empty","M",3,2,3
"357","08_car_full_null.jpg","08_car_full_null","08","3_car_full_null","car","full","null",3,0,3
"358","08_car_lowtrans_H.jpg","08_car_lowtrans_H","08","3_car_lowtrans_H","car","lowtrans","H",3,4,3
"359","08_car_lowtrans_L.jpg","08_car_lowtrans_L","08","3_car_lowtrans_L","car","lowtrans","L",3,4,3
"360","08_car_lowtrans_M.jpg","08_car_lowtrans_M","08","3_car_lowtrans_M","car","lowtrans","M",3,4,3
"361","08_car_trans_H.jpg","08_car_trans_H","08","3_car_trans_H","car","trans","H",3,3,3
"362","08_car_trans_L.jpg","08_car_trans_L","08","3_car_trans_L","car","trans","L",3,3,3
"363","08_car_trans_M.jpg","08_car_trans_M","08","3_car_trans_M","car","trans","M",3,3,3
"364","09_car_box_null.jpg","09_car_box_null","09","7_car_box_null","car","box","null",3,1,7
"365","09_car_empty_H.jpg","09_car_empty_H","09","7_car_empty_H","car","empty","H",3,2,7
"366","09_car_empty_L.jpg","09_car_empty_L","09","7_car_empty_L","car","empty","L",3,2,7
"367","09_car_empty_M.jpg","09_car_empty_M","09","7_car_empty_M","car","empty","M",3,2,7
"368","09_car_full_null.jpg","09_car_full_null","09","7_car_full_null","car","full","null",3,0,7
"369","09_car_lowtrans_H.jpg","09_car_lowtrans_H","09","7_car_lowtrans_H","car","lowtrans","H",3,4,7
"370","09_car_lowtrans_L.jpg","09_car_lowtrans_L","09","7_car_lowtrans_L","car","lowtrans","L",3,4,7
"371","09_car_lowtrans_M.jpg","09_car_lowtrans_M","09","7_car_lowtrans_M","car","lowtrans","M",3,4,7
"372","09_car_trans_H.jpg","09_car_trans_H","09","7_car_trans_H","car","trans","H",3,3,7
"373","09_car_trans_L.jpg","09_car_trans_L","09","7_car_trans_L","car","trans","L",3,3,7
"374","09_car_trans_M.jpg","09_car_trans_M","09","7_car_trans_M","car","trans","M",3,3,7
"375","11_car_box_null.jpg","11_car_box_null","11","11_car_box_null","car","box","null",3,1,11
"376","11_car_empty_H.jpg","11_car_empty_H","11","11_car_empty_H","car","empty","H",3,2,11
"377","11_car_empty_L.jpg","11_car_empty_L","11","11_car_empty_L","car","empty","L",3,2,11
"378","11_car_empty_M.jpg","11_car_empty_M","11","11_car_empty_M","car","empty","M",3,2,11
"379","11_car_full_null.jpg","11_car_full_null","11","11_car_full_null","car","full","null",3,0,11
"380","11_car_lowtrans_H.jpg","11_car_lowtrans_H","11","11_car_lowtrans_H","car","lowtrans","H",3,4,11
"381","11_car_lowtrans_L.jpg","11_car_lowtrans_L","11","11_car_lowtrans_L","car","lowtrans","L",3,4,11
"382","11_car_lowtrans_M.jpg","11_car_lowtrans_M","11","11_car_lowtrans_M","car","lowtrans","M",3,4,11
"383","11_car_trans_H.jpg","11_car_trans_H","11","11_car_trans_H","car","trans","H",3,3,11
"384","11_car_trans_L.jpg","11_car_trans_L","11","11_car_trans_L","car","trans","L",3,3,11
"385","11_car_trans_M.jpg","11_car_trans_M","11","11_car_trans_M","car","trans","M",3,3,11
"386","18_car_box_null.jpg","18_car_box_null","18","15_car_box_null","car","box","null",3,1,15
"387","18_car_empty_H.jpg","18_car_empty_H","18","15_car_empty_H","car","empty","H",3,2,15
"388","18_car_empty_L.jpg","18_car_empty_L","18","15_car_empty_L","car","empty","L",3,2,15
"389","18_car_empty_M.jpg","18_car_empty_M","18","15_car_empty_M","car","empty","M",3,2,15
"390","18_car_full_null.jpg","18_car_full_null","18","15_car_full_null","car","full","null",3,0,15
"391","18_car_lowtrans_H.jpg","18_car_lowtrans_H","18","15_car_lowtrans_H","car","lowtrans","H",3,4,15
"392","18_car_lowtrans_L.jpg","18_car_lowtrans_L","18","15_car_lowtrans_L","car","lowtrans","L",3,4,15
"393","18_car_lowtrans_M.jpg","18_car_lowtrans_M","18","15_car_lowtrans_M","car","lowtrans","M",3,4,15
"394","18_car_trans_H.jpg","18_car_trans_H","18","15_car_trans_H","car","trans","H",3,3,15
"395","18_car_trans_L.jpg","18_car_trans_L","18","15_car_trans_L","car","trans","L",3,3,15
"396","18_car_trans_M.jpg","18_car_trans_M","18","15_car_trans_M","car","trans","M",3,3,15
"397","21_car_box_null.jpg","21_car_box_null","21","19_car_box_null","car","box","null",3,1,19
"398","21_car_empty_H.jpg","21_car_empty_H","21","19_car_empty_H","car","empty","H",3,2,19
"399","21_car_empty_L.jpg","21_car_empty_L","21","19_car_empty_L","car","empty","L",3,2,19
"400","21_car_empty_M.jpg","21_car_empty_M","21","19_car_empty_M","car","empty","M",3,2,19
"401","21_car_full_null.jpg","21_car_full_null","21","19_car_full_null","car","full","null",3,0,19
"402","21_car_lowtrans_H.jpg","21_car_lowtrans_H","21","19_car_lowtrans_H","car","lowtrans","H",3,4,19
"403","21_car_lowtrans_L.jpg","21_car_lowtrans_L","21","19_car_lowtrans_L","car","lowtrans","L",3,4,19
"404","21_car_lowtrans_M.jpg","21_car_lowtrans_M","21","19_car_lowtrans_M","car","lowtrans","M",3,4,19
"405","21_car_trans_H.jpg","21_car_trans_H","21","19_car_trans_H","car","trans","H",3,3,19
"406","21_car_trans_L.jpg","21_car_trans_L","21","19_car_trans_L","car","trans","L",3,3,19
"407","21_car_trans_M.jpg","21_car_trans_M","21","19_car_trans_M","car","trans","M",3,3,19
"408","30_car_box_null.jpg","30_car_box_null","30","23_car_box_null","car","box","null",3,1,23
"409","30_car_empty_H.jpg","30_car_empty_H","30","23_car_empty_H","car","empty","H",3,2,23
"410","30_car_empty_L.jpg","30_car_empty_L","30","23_car_empty_L","car","empty","L",3,2,23
"411","30_car_empty_M.jpg","30_car_empty_M","30","23_car_empty_M","car","empty","M",3,2,23
"412","30_car_full_null.jpg","30_car_full_null","30","23_car_full_null","car","full","null",3,0,23
"413","30_car_lowtrans_H.jpg","30_car_lowtrans_H","30","23_car_lowtrans_H","car","lowtrans","H",3,4,23
"414","30_car_lowtrans_L.jpg","30_car_lowtrans_L","30","23_car_lowtrans_L","car","lowtrans","L",3,4,23
"415","30_car_lowtrans_M.jpg","30_car_lowtrans_M","30","23_car_lowtrans_M","car","lowtrans","M",3,4,23
"416","30_car_trans_H.jpg","30_car_trans_H","30","23_car_trans_H","car","trans","H",3,3,23
"417","30_car_trans_L.jpg","30_car_trans_L","30","23_car_trans_L","car","trans","L",3,3,23
"418","30_car_trans_M.jpg","30_car_trans_M","30","23_car_trans_M","car","trans","M",3,3,23
"419","34_car_box_null.jpg","34_car_box_null","34","27_car_box_null","car","box","null",3,1,27
"420","34_car_empty_H.jpg","34_car_empty_H","34","27_car_empty_H","car","empty","H",3,2,27
"421","34_car_empty_L.jpg","34_car_empty_L","34","27_car_empty_L","car","empty","L",3,2,27
"422","34_car_empty_M.jpg","34_car_empty_M","34","27_car_empty_M","car","empty","M",3,2,27
"423","34_car_full_null.jpg","34_car_full_null","34","27_car_full_null","car","full","null",3,0,27
"424","34_car_lowtrans_H.jpg","34_car_lowtrans_H","34","27_car_lowtrans_H","car","lowtrans","H",3,4,27
"425","34_car_lowtrans_L.jpg","34_car_lowtrans_L","34","27_car_lowtrans_L","car","lowtrans","L",3,4,27
"426","34_car_lowtrans_M.jpg","34_car_lowtrans_M","34","27_car_lowtrans_M","car","lowtrans","M",3,4,27
"427","34_car_trans_H.jpg","34_car_trans_H","34","27_car_trans_H","car","trans","H",3,3,27
"428","34_car_trans_L.jpg","34_car_trans_L","34","27_car_trans_L","car","trans","L",3,3,27
"429","34_car_trans_M.jpg","34_car_trans_M","34","27_car_trans_M","car","trans","M",3,3,27
"430","44_car_box_null.jpg","44_car_box_null","44","31_car_box_null","car","box","null",3,1,31
"431","44_car_empty_H.jpg","44_car_empty_H","44","31_car_empty_H","car","empty","H",3,2,31
"432","44_car_empty_L.jpg","44_car_empty_L","44","31_car_empty_L","car","empty","L",3,2,31
"433","44_car_empty_M.jpg","44_car_empty_M","44","31_car_empty_M","car","empty","M",3,2,31
"434","44_car_full_null.jpg","44_car_full_null","44","31_car_full_null","car","full","null",3,0,31
"435","44_car_lowtrans_H.jpg","44_car_lowtrans_H","44","31_car_lowtrans_H","car","lowtrans","H",3,4,31
"436","44_car_lowtrans_L.jpg","44_car_lowtrans_L","44","31_car_lowtrans_L","car","lowtrans","L",3,4,31
"437","44_car_lowtrans_M.jpg","44_car_lowtrans_M","44","31_car_lowtrans_M","car","lowtrans","M",3,4,31
"438","44_car_trans_H.jpg","44_car_trans_H","44","31_car_trans_H","car","trans","H",3,3,31
"439","44_car_trans_L.jpg","44_car_trans_L","44","31_car_trans_L","car","trans","L",3,3,31
"440","44_car_trans_M.jpg","44_car_trans_M","44","31_car_trans_M","car","trans","M",3,3,31
"441","45_car_box_null.jpg","45_car_box_null","45","35_car_box_null","car","box","null",3,1,35
"442","45_car_empty_H.jpg","45_car_empty_H","45","35_car_empty_H","car","empty","H",3,2,35
"443","45_car_empty_L.jpg","45_car_empty_L","45","35_car_empty_L","car","empty","L",3,2,35
"444","45_car_empty_M.jpg","45_car_empty_M","45","35_car_empty_M","car","empty","M",3,2,35
"445","45_car_full_null.jpg","45_car_full_null","45","35_car_full_null","car","full","null",3,0,35
"446","45_car_lowtrans_H.jpg","45_car_lowtrans_H","45","35_car_lowtrans_H","car","lowtrans","H",3,4,35
"447","45_car_lowtrans_L.jpg","45_car_lowtrans_L","45","35_car_lowtrans_L","car","lowtrans","L",3,4,35
"448","45_car_lowtrans_M.jpg","45_car_lowtrans_M","45","35_car_lowtrans_M","car","lowtrans","M",3,4,35
"449","45_car_trans_H.jpg","45_car_trans_H","45","35_car_trans_H","car","trans","H",3,3,35
"450","45_car_trans_L.jpg","45_car_trans_L","45","35_car_trans_L","car","trans","L",3,3,35
"451","45_car_trans_M.jpg","45_car_trans_M","45","35_car_trans_M","car","trans","M",3,3,35
"452","48_car_box_null.jpg","48_car_box_null","48","39_car_box_null","car","box","null",3,1,39
"453","48_car_empty_H.jpg","48_car_empty_H","48","39_car_empty_H","car","empty","H",3,2,39
"454","48_car_empty_L.jpg","48_car_empty_L","48","39_car_empty_L","car","empty","L",3,2,39
"455","48_car_empty_M.jpg","48_car_empty_M","48","39_car_empty_M","car","empty","M",3,2,39
"456","48_car_full_null.jpg","48_car_full_null","48","39_car_full_null","car","full","null",3,0,39
"457","48_car_lowtrans_H.jpg","48_car_lowtrans_H","48","39_car_lowtrans_H","car","lowtrans","H",3,4,39
"458","48_car_lowtrans_L.jpg","48_car_lowtrans_L","48","39_car_lowtrans_L","car","lowtrans","L",3,4,39
"459","48_car_lowtrans_M.jpg","48_car_lowtrans_M","48","39_car_lowtrans_M","car","lowtrans","M",3,4,39
"460","48_car_trans_H.jpg","48_car_trans_H","48","39_car_trans_H","car","trans","H",3,3,39
"461","48_car_trans_L.jpg","48_car_trans_L","48","39_car_trans_L","car","trans","L",3,3,39
"462","48_car_trans_M.jpg","48_car_trans_M","48","39_car_trans_M","car","trans","M",3,3,39
"463","50_car_box_null.jpg","50_car_box_null","50","43_car_box_null","car","box","null",3,1,43
"464","50_car_empty_H.jpg","50_car_empty_H","50","43_car_empty_H","car","empty","H",3,2,43
"465","50_car_empty_L.jpg","50_car_empty_L","50","43_car_empty_L","car","empty","L",3,2,43
"466","50_car_empty_M.jpg","50_car_empty_M","50","43_car_empty_M","car","empty","M",3,2,43
"467","50_car_full_null.jpg","50_car_full_null","50","43_car_full_null","car","full","null",3,0,43
"468","50_car_lowtrans_H.jpg","50_car_lowtrans_H","50","43_car_lowtrans_H","car","lowtrans","H",3,4,43
"469","50_car_lowtrans_L.jpg","50_car_lowtrans_L","50","43_car_lowtrans_L","car","lowtrans","L",3,4,43
"470","50_car_lowtrans_M.jpg","50_car_lowtrans_M","50","43_car_lowtrans_M","car","lowtrans","M",3,4,43
"471","50_car_trans_H.jpg","50_car_trans_H","50","43_car_trans_H","car","trans","H",3,3,43
"472","50_car_trans_L.jpg","50_car_trans_L","50","43_car_trans_L","car","trans","L",3,3,43
"473","50_car_trans_M.jpg","50_car_trans_M","50","43_car_trans_M","car","trans","M",3,3,43
"474","51_car_box_null.jpg","51_car_box_null","51","47_car_box_null","car","box","null",3,1,47
"475","51_car_empty_H.jpg","51_car_empty_H","51","47_car_empty_H","car","empty","H",3,2,47
"476","51_car_empty_L.jpg","51_car_empty_L","51","47_car_empty_L","car","empty","L",3,2,47
"477","51_car_empty_M.jpg","51_car_empty_M","51","47_car_empty_M","car","empty","M",3,2,47
"478","51_car_full_null.jpg","51_car_full_null","51","47_car_full_null","car","full","null",3,0,47
"479","51_car_lowtrans_H.jpg","51_car_lowtrans_H","51","47_car_lowtrans_H","car","lowtrans","H",3,4,47
"480","51_car_lowtrans_L.jpg","51_car_lowtrans_L","51","47_car_lowtrans_L","car","lowtrans","L",3,4,47
"481","51_car_lowtrans_M.jpg","51_car_lowtrans_M","51","47_car_lowtrans_M","car","lowtrans","M",3,4,47
"482","51_car_trans_H.jpg","51_car_trans_H","51","47_car_trans_H","car","trans","H",3,3,47
"483","51_car_trans_L.jpg","51_car_trans_L","51","47_car_trans_L","car","trans","L",3,3,47
"484","51_car_trans_M.jpg","51_car_trans_M","51","47_car_trans_M","car","trans","M",3,3,47
"485","63_car_box_null.jpg","63_car_box_null","63","51_car_box_null","car","box","null",3,1,51
"486","63_car_empty_H.jpg","63_car_empty_H","63","51_car_empty_H","car","empty","H",3,2,51
"487","63_car_empty_L.jpg","63_car_empty_L","63","51_car_empty_L","car","empty","L",3,2,51
"488","63_car_empty_M.jpg","63_car_empty_M","63","51_car_empty_M","car","empty","M",3,2,51
"489","63_car_full_null.jpg","63_car_full_null","63","51_car_full_null","car","full","null",3,0,51
"490","63_car_lowtrans_H.jpg","63_car_lowtrans_H","63","51_car_lowtrans_H","car","lowtrans","H",3,4,51
"491","63_car_lowtrans_L.jpg","63_car_lowtrans_L","63","51_car_lowtrans_L","car","lowtrans","L",3,4,51
"492","63_car_lowtrans_M.jpg","63_car_lowtrans_M","63","51_car_lowtrans_M","car","lowtrans","M",3,4,51
"493","63_car_trans_H.jpg","63_car_trans_H","63","51_car_trans_H","car","trans","H",3,3,51
"494","63_car_trans_L.jpg","63_car_trans_L","63","51_car_trans_L","car","trans","L",3,3,51
"495","63_car_trans_M.jpg","63_car_trans_M","63","51_car_trans_M","car","trans","M",3,3,51
"496","64_car_box_null.jpg","64_car_box_null","64","55_car_box_null","car","box","null",3,1,55
"497","64_car_empty_H.jpg","64_car_empty_H","64","55_car_empty_H","car","empty","H",3,2,55
"498","64_car_empty_L.jpg","64_car_empty_L","64","55_car_empty_L","car","empty","L",3,2,55
"499","64_car_empty_M.jpg","64_car_empty_M","64","55_car_empty_M","car","empty","M",3,2,55
"500","64_car_full_null.jpg","64_car_full_null","64","55_car_full_null","car","full","null",3,0,55
"501","64_car_lowtrans_H.jpg","64_car_lowtrans_H","64","55_car_lowtrans_H","car","lowtrans","H",3,4,55
"502","64_car_lowtrans_L.jpg","64_car_lowtrans_L","64","55_car_lowtrans_L","car","lowtrans","L",3,4,55
"503","64_car_lowtrans_M.jpg","64_car_lowtrans_M","64","55_car_lowtrans_M","car","lowtrans","M",3,4,55
"504","64_car_trans_H.jpg","64_car_trans_H","64","55_car_trans_H","car","trans","H",3,3,55
"505","64_car_trans_L.jpg","64_car_trans_L","64","55_car_trans_L","car","trans","L",3,3,55
"506","64_car_trans_M.jpg","64_car_trans_M","64","55_car_trans_M","car","trans","M",3,3,55
"507","67_car_box_null.jpg","67_car_box_null","67","59_car_box_null","car","box","null",3,1,59
"508","67_car_empty_H.jpg","67_car_empty_H","67","59_car_empty_H","car","empty","H",3,2,59
"509","67_car_empty_L.jpg","67_car_empty_L","67","59_car_empty_L","car","empty","L",3,2,59
"510","67_car_empty_M.jpg","67_car_empty_M","67","59_car_empty_M","car","empty","M",3,2,59
"511","67_car_full_null.jpg","67_car_full_null","67","59_car_full_null","car","full","null",3,0,59
"512","67_car_lowtrans_H.jpg","67_car_lowtrans_H","67","59_car_lowtrans_H","car","lowtrans","H",3,4,59
"513","67_car_lowtrans_L.jpg","67_car_lowtrans_L","67","59_car_lowtrans_L","car","lowtrans","L",3,4,59
"514","67_car_lowtrans_M.jpg","67_car_lowtrans_M","67","59_car_lowtrans_M","car","lowtrans","M",3,4,59
"515","67_car_trans_H.jpg","67_car_trans_H","67","59_car_trans_H","car","trans","H",3,3,59
"516","67_car_trans_L.jpg","67_car_trans_L","67","59_car_trans_L","car","trans","L",3,3,59
"517","67_car_trans_M.jpg","67_car_trans_M","67","59_car_trans_M","car","trans","M",3,3,59
"518","76_car_box_null.jpg","76_car_box_null","76","63_car_box_null","car","box","null",3,1,63
"519","76_car_empty_H.jpg","76_car_empty_H","76","63_car_empty_H","car","empty","H",3,2,63
"520","76_car_empty_L.jpg","76_car_empty_L","76","63_car_empty_L","car","empty","L",3,2,63
"521","76_car_empty_M.jpg","76_car_empty_M","76","63_car_empty_M","car","empty","M",3,2,63
"522","76_car_full_null.jpg","76_car_full_null","76","63_car_full_null","car","full","null",3,0,63
"523","76_car_lowtrans_H.jpg","76_car_lowtrans_H","76","63_car_lowtrans_H","car","lowtrans","H",3,4,63
"524","76_car_lowtrans_L.jpg","76_car_lowtrans_L","76","63_car_lowtrans_L","car","lowtrans","L",3,4,63
"525","76_car_lowtrans_M.jpg","76_car_lowtrans_M","76","63_car_lowtrans_M","car","lowtrans","M",3,4,63
"526","76_car_trans_H.jpg","76_car_trans_H","76","63_car_trans_H","car","trans","H",3,3,63
"527","76_car_trans_L.jpg","76_car_trans_L","76","63_car_trans_L","car","trans","L",3,3,63
"528","76_car_trans_M.jpg","76_car_trans_M","76","63_car_trans_M","car","trans","M",3,3,63
"529","14_animal_box_null.jpg","14_animal_box_null","14","4_animal_box_null","animal","box","null",4,1,4
"530","14_animal_empty_H.jpg","14_animal_empty_H","14","4_animal_empty_H","animal","empty","H",4,2,4
"531","14_animal_empty_L.jpg","14_animal_empty_L","14","4_animal_empty_L","animal","empty","L",4,2,4
"532","14_animal_empty_M.jpg","14_animal_empty_M","14","4_animal_empty_M","animal","empty","M",4,2,4
"533","14_animal_full_null.jpg","14_animal_full_null","14","4_animal_full_null","animal","full","null",4,0,4
"534","14_animal_lowtrans_H.jpg","14_animal_lowtrans_H","14","4_animal_lowtrans_H","animal","lowtrans","H",4,4,4
"535","14_animal_lowtrans_L.jpg","14_animal_lowtrans_L","14","4_animal_lowtrans_L","animal","lowtrans","L",4,4,4
"536","14_animal_lowtrans_M.jpg","14_animal_lowtrans_M","14","4_animal_lowtrans_M","animal","lowtrans","M",4,4,4
"537","14_animal_trans_H.jpg","14_animal_trans_H","14","4_animal_trans_H","animal","trans","H",4,3,4
"538","14_animal_trans_L.jpg","14_animal_trans_L","14","4_animal_trans_L","animal","trans","L",4,3,4
"539","14_animal_trans_M.jpg","14_animal_trans_M","14","4_animal_trans_M","animal","trans","M",4,3,4
"540","16_animal_box_null.jpg","16_animal_box_null","16","8_animal_box_null","animal","box","null",4,1,8
"541","16_animal_empty_H.jpg","16_animal_empty_H","16","8_animal_empty_H","animal","empty","H",4,2,8
"542","16_animal_empty_L.jpg","16_animal_empty_L","16","8_animal_empty_L","animal","empty","L",4,2,8
"543","16_animal_empty_M.jpg","16_animal_empty_M","16","8_animal_empty_M","animal","empty","M",4,2,8
"544","16_animal_full_null.jpg","16_animal_full_null","16","8_animal_full_null","animal","full","null",4,0,8
"545","16_animal_lowtrans_H.jpg","16_animal_lowtrans_H","16","8_animal_lowtrans_H","animal","lowtrans","H",4,4,8
"546","16_animal_lowtrans_L.jpg","16_animal_lowtrans_L","16","8_animal_lowtrans_L","animal","lowtrans","L",4,4,8
"547","16_animal_lowtrans_M.jpg","16_animal_lowtrans_M","16","8_animal_lowtrans_M","animal","lowtrans","M",4,4,8
"548","16_animal_trans_H.jpg","16_animal_trans_H","16","8_animal_trans_H","animal","trans","H",4,3,8
"549","16_animal_trans_L.jpg","16_animal_trans_L","16","8_animal_trans_L","animal","trans","L",4,3,8
"550","16_animal_trans_M.jpg","16_animal_trans_M","16","8_animal_trans_M","animal","trans","M",4,3,8
"551","19_animal_box_null.jpg","19_animal_box_null","19","12_animal_box_null","animal","box","null",4,1,12
"552","19_animal_empty_H.jpg","19_animal_empty_H","19","12_animal_empty_H","animal","empty","H",4,2,12
"553","19_animal_empty_L.jpg","19_animal_empty_L","19","12_animal_empty_L","animal","empty","L",4,2,12
"554","19_animal_empty_M.jpg","19_animal_empty_M","19","12_animal_empty_M","animal","empty","M",4,2,12
"555","19_animal_full_null.jpg","19_animal_full_null","19","12_animal_full_null","animal","full","null",4,0,12
"556","19_animal_lowtrans_H.jpg","19_animal_lowtrans_H","19","12_animal_lowtrans_H","animal","lowtrans","H",4,4,12
"557","19_animal_lowtrans_L.jpg","19_animal_lowtrans_L","19","12_animal_lowtrans_L","animal","lowtrans","L",4,4,12
"558","19_animal_lowtrans_M.jpg","19_animal_lowtrans_M","19","12_animal_lowtrans_M","animal","lowtrans","M",4,4,12
"559","19_animal_trans_H.jpg","19_animal_trans_H","19","12_animal_trans_H","animal","trans","H",4,3,12
"560","19_animal_trans_L.jpg","19_animal_trans_L","19","12_animal_trans_L","animal","trans","L",4,3,12
"561","19_animal_trans_M.jpg","19_animal_trans_M","19","12_animal_trans_M","animal","trans","M",4,3,12
"562","25_animal_box_null.jpg","25_animal_box_null","25","16_animal_box_null","animal","box","null",4,1,16
"563","25_animal_empty_H.jpg","25_animal_empty_H","25","16_animal_empty_H","animal","empty","H",4,2,16
"564","25_animal_empty_L.jpg","25_animal_empty_L","25","16_animal_empty_L","animal","empty","L",4,2,16
"565","25_animal_empty_M.jpg","25_animal_empty_M","25","16_animal_empty_M","animal","empty","M",4,2,16
"566","25_animal_full_null.jpg","25_animal_full_null","25","16_animal_full_null","animal","full","null",4,0,16
"567","25_animal_lowtrans_H.jpg","25_animal_lowtrans_H","25","16_animal_lowtrans_H","animal","lowtrans","H",4,4,16
"568","25_animal_lowtrans_L.jpg","25_animal_lowtrans_L","25","16_animal_lowtrans_L","animal","lowtrans","L",4,4,16
"569","25_animal_lowtrans_M.jpg","25_animal_lowtrans_M","25","16_animal_lowtrans_M","animal","lowtrans","M",4,4,16
"570","25_animal_trans_H.jpg","25_animal_trans_H","25","16_animal_trans_H","animal","trans","H",4,3,16
"571","25_animal_trans_L.jpg","25_animal_trans_L","25","16_animal_trans_L","animal","trans","L",4,3,16
"572","25_animal_trans_M.jpg","25_animal_trans_M","25","16_animal_trans_M","animal","trans","M",4,3,16
"573","27_animal_box_null.jpg","27_animal_box_null","27","20_animal_box_null","animal","box","null",4,1,20
"574","27_animal_empty_H.jpg","27_animal_empty_H","27","20_animal_empty_H","animal","empty","H",4,2,20
"575","27_animal_empty_L.jpg","27_animal_empty_L","27","20_animal_empty_L","animal","empty","L",4,2,20
"576","27_animal_empty_M.jpg","27_animal_empty_M","27","20_animal_empty_M","animal","empty","M",4,2,20
"577","27_animal_full_null.jpg","27_animal_full_null","27","20_animal_full_null","animal","full","null",4,0,20
"578","27_animal_lowtrans_H.jpg","27_animal_lowtrans_H","27","20_animal_lowtrans_H","animal","lowtrans","H",4,4,20
"579","27_animal_lowtrans_L.jpg","27_animal_lowtrans_L","27","20_animal_lowtrans_L","animal","lowtrans","L",4,4,20
"580","27_animal_lowtrans_M.jpg","27_animal_lowtrans_M","27","20_animal_lowtrans_M","animal","lowtrans","M",4,4,20
"581","27_animal_trans_H.jpg","27_animal_trans_H","27","20_animal_trans_H","animal","trans","H",4,3,20
"582","27_animal_trans_L.jpg","27_animal_trans_L","27","20_animal_trans_L","animal","trans","L",4,3,20
"583","27_animal_trans_M.jpg","27_animal_trans_M","27","20_animal_trans_M","animal","trans","M",4,3,20
"584","33_animal_box_null.jpg","33_animal_box_null","33","24_animal_box_null","animal","box","null",4,1,24
"585","33_animal_empty_H.jpg","33_animal_empty_H","33","24_animal_empty_H","animal","empty","H",4,2,24
"586","33_animal_empty_L.jpg","33_animal_empty_L","33","24_animal_empty_L","animal","empty","L",4,2,24
"587","33_animal_empty_M.jpg","33_animal_empty_M","33","24_animal_empty_M","animal","empty","M",4,2,24
"588","33_animal_full_null.jpg","33_animal_full_null","33","24_animal_full_null","animal","full","null",4,0,24
"589","33_animal_lowtrans_H.jpg","33_animal_lowtrans_H","33","24_animal_lowtrans_H","animal","lowtrans","H",4,4,24
"590","33_animal_lowtrans_L.jpg","33_animal_lowtrans_L","33","24_animal_lowtrans_L","animal","lowtrans","L",4,4,24
"591","33_animal_lowtrans_M.jpg","33_animal_lowtrans_M","33","24_animal_lowtrans_M","animal","lowtrans","M",4,4,24
"592","33_animal_trans_H.jpg","33_animal_trans_H","33","24_animal_trans_H","animal","trans","H",4,3,24
"593","33_animal_trans_L.jpg","33_animal_trans_L","33","24_animal_trans_L","animal","trans","L",4,3,24
"594","33_animal_trans_M.jpg","33_animal_trans_M","33","24_animal_trans_M","animal","trans","M",4,3,24
"595","35_animal_box_null.jpg","35_animal_box_null","35","28_animal_box_null","animal","box","null",4,1,28
"596","35_animal_empty_H.jpg","35_animal_empty_H","35","28_animal_empty_H","animal","empty","H",4,2,28
"597","35_animal_empty_L.jpg","35_animal_empty_L","35","28_animal_empty_L","animal","empty","L",4,2,28
"598","35_animal_empty_M.jpg","35_animal_empty_M","35","28_animal_empty_M","animal","empty","M",4,2,28
"599","35_animal_full_null.jpg","35_animal_full_null","35","28_animal_full_null","animal","full","null",4,0,28
"600","35_animal_lowtrans_H.jpg","35_animal_lowtrans_H","35","28_animal_lowtrans_H","animal","lowtrans","H",4,4,28
"601","35_animal_lowtrans_L.jpg","35_animal_lowtrans_L","35","28_animal_lowtrans_L","animal","lowtrans","L",4,4,28
"602","35_animal_lowtrans_M.jpg","35_animal_lowtrans_M","35","28_animal_lowtrans_M","animal","lowtrans","M",4,4,28
"603","35_animal_trans_H.jpg","35_animal_trans_H","35","28_animal_trans_H","animal","trans","H",4,3,28
"604","35_animal_trans_L.jpg","35_animal_trans_L","35","28_animal_trans_L","animal","trans","L",4,3,28
"605","35_animal_trans_M.jpg","35_animal_trans_M","35","28_animal_trans_M","animal","trans","M",4,3,28
"606","36_animal_box_null.jpg","36_animal_box_null","36","32_animal_box_null","animal","box","null",4,1,32
"607","36_animal_empty_H.jpg","36_animal_empty_H","36","32_animal_empty_H","animal","empty","H",4,2,32
"608","36_animal_empty_L.jpg","36_animal_empty_L","36","32_animal_empty_L","animal","empty","L",4,2,32
"609","36_animal_empty_M.jpg","36_animal_empty_M","36","32_animal_empty_M","animal","empty","M",4,2,32
"610","36_animal_full_null.jpg","36_animal_full_null","36","32_animal_full_null","animal","full","null",4,0,32
"611","36_animal_lowtrans_H.jpg","36_animal_lowtrans_H","36","32_animal_lowtrans_H","animal","lowtrans","H",4,4,32
"612","36_animal_lowtrans_L.jpg","36_animal_lowtrans_L","36","32_animal_lowtrans_L","animal","lowtrans","L",4,4,32
"613","36_animal_lowtrans_M.jpg","36_animal_lowtrans_M","36","32_animal_lowtrans_M","animal","lowtrans","M",4,4,32
"614","36_animal_trans_H.jpg","36_animal_trans_H","36","32_animal_trans_H","animal","trans","H",4,3,32
"615","36_animal_trans_L.jpg","36_animal_trans_L","36","32_animal_trans_L","animal","trans","L",4,3,32
"616","36_animal_trans_M.jpg","36_animal_trans_M","36","32_animal_trans_M","animal","trans","M",4,3,32
"617","40_animal_box_null.jpg","40_animal_box_null","40","36_animal_box_null","animal","box","null",4,1,36
"618","40_animal_empty_H.jpg","40_animal_empty_H","40","36_animal_empty_H","animal","empty","H",4,2,36
"619","40_animal_empty_L.jpg","40_animal_empty_L","40","36_animal_empty_L","animal","empty","L",4,2,36
"620","40_animal_empty_M.jpg","40_animal_empty_M","40","36_animal_empty_M","animal","empty","M",4,2,36
"621","40_animal_full_null.jpg","40_animal_full_null","40","36_animal_full_null","animal","full","null",4,0,36
"622","40_animal_lowtrans_H.jpg","40_animal_lowtrans_H","40","36_animal_lowtrans_H","animal","lowtrans","H",4,4,36
"623","40_animal_lowtrans_L.jpg","40_animal_lowtrans_L","40","36_animal_lowtrans_L","animal","lowtrans","L",4,4,36
"624","40_animal_lowtrans_M.jpg","40_animal_lowtrans_M","40","36_animal_lowtrans_M","animal","lowtrans","M",4,4,36
"625","40_animal_trans_H.jpg","40_animal_trans_H","40","36_animal_trans_H","animal","trans","H",4,3,36
"626","40_animal_trans_L.jpg","40_animal_trans_L","40","36_animal_trans_L","animal","trans","L",4,3,36
"627","40_animal_trans_M.jpg","40_animal_trans_M","40","36_animal_trans_M","animal","trans","M",4,3,36
"628","41_animal_box_null.jpg","41_animal_box_null","41","40_animal_box_null","animal","box","null",4,1,40
"629","41_animal_empty_H.jpg","41_animal_empty_H","41","40_animal_empty_H","animal","empty","H",4,2,40
"630","41_animal_empty_L.jpg","41_animal_empty_L","41","40_animal_empty_L","animal","empty","L",4,2,40
"631","41_animal_empty_M.jpg","41_animal_empty_M","41","40_animal_empty_M","animal","empty","M",4,2,40
"632","41_animal_full_null.jpg","41_animal_full_null","41","40_animal_full_null","animal","full","null",4,0,40
"633","41_animal_lowtrans_H.jpg","41_animal_lowtrans_H","41","40_animal_lowtrans_H","animal","lowtrans","H",4,4,40
"634","41_animal_lowtrans_L.jpg","41_animal_lowtrans_L","41","40_animal_lowtrans_L","animal","lowtrans","L",4,4,40
"635","41_animal_lowtrans_M.jpg","41_animal_lowtrans_M","41","40_animal_lowtrans_M","animal","lowtrans","M",4,4,40
"636","41_animal_trans_H.jpg","41_animal_trans_H","41","40_animal_trans_H","animal","trans","H",4,3,40
"637","41_animal_trans_L.jpg","41_animal_trans_L","41","40_animal_trans_L","animal","trans","L",4,3,40
"638","41_animal_trans_M.jpg","41_animal_trans_M","41","40_animal_trans_M","animal","trans","M",4,3,40
"639","42_animal_box_null.jpg","42_animal_box_null","42","44_animal_box_null","animal","box","null",4,1,44
"640","42_animal_empty_H.jpg","42_animal_empty_H","42","44_animal_empty_H","animal","empty","H",4,2,44
"641","42_animal_empty_L.jpg","42_animal_empty_L","42","44_animal_empty_L","animal","empty","L",4,2,44
"642","42_animal_empty_M.jpg","42_animal_empty_M","42","44_animal_empty_M","animal","empty","M",4,2,44
"643","42_animal_full_null.jpg","42_animal_full_null","42","44_animal_full_null","animal","full","null",4,0,44
"644","42_animal_lowtrans_H.jpg","42_animal_lowtrans_H","42","44_animal_lowtrans_H","animal","lowtrans","H",4,4,44
"645","42_animal_lowtrans_L.jpg","42_animal_lowtrans_L","42","44_animal_lowtrans_L","animal","lowtrans","L",4,4,44
"646","42_animal_lowtrans_M.jpg","42_animal_lowtrans_M","42","44_animal_lowtrans_M","animal","lowtrans","M",4,4,44
"647","42_animal_trans_H.jpg","42_animal_trans_H","42","44_animal_trans_H","animal","trans","H",4,3,44
"648","42_animal_trans_L.jpg","42_animal_trans_L","42","44_animal_trans_L","animal","trans","L",4,3,44
"649","42_animal_trans_M.jpg","42_animal_trans_M","42","44_animal_trans_M","animal","trans","M",4,3,44
"650","43_animal_box_null.jpg","43_animal_box_null","43","48_animal_box_null","animal","box","null",4,1,48
"651","43_animal_empty_H.jpg","43_animal_empty_H","43","48_animal_empty_H","animal","empty","H",4,2,48
"652","43_animal_empty_L.jpg","43_animal_empty_L","43","48_animal_empty_L","animal","empty","L",4,2,48
"653","43_animal_empty_M.jpg","43_animal_empty_M","43","48_animal_empty_M","animal","empty","M",4,2,48
"654","43_animal_full_null.jpg","43_animal_full_null","43","48_animal_full_null","animal","full","null",4,0,48
"655","43_animal_lowtrans_H.jpg","43_animal_lowtrans_H","43","48_animal_lowtrans_H","animal","lowtrans","H",4,4,48
"656","43_animal_lowtrans_L.jpg","43_animal_lowtrans_L","43","48_animal_lowtrans_L","animal","lowtrans","L",4,4,48
"657","43_animal_lowtrans_M.jpg","43_animal_lowtrans_M","43","48_animal_lowtrans_M","animal","lowtrans","M",4,4,48
"658","43_animal_trans_H.jpg","43_animal_trans_H","43","48_animal_trans_H","animal","trans","H",4,3,48
"659","43_animal_trans_L.jpg","43_animal_trans_L","43","48_animal_trans_L","animal","trans","L",4,3,48
"660","43_animal_trans_M.jpg","43_animal_trans_M","43","48_animal_trans_M","animal","trans","M",4,3,48
"661","58_animal_box_null.jpg","58_animal_box_null","58","52_animal_box_null","animal","box","null",4,1,52
"662","58_animal_empty_H.jpg","58_animal_empty_H","58","52_animal_empty_H","animal","empty","H",4,2,52
"663","58_animal_empty_L.jpg","58_animal_empty_L","58","52_animal_empty_L","animal","empty","L",4,2,52
"664","58_animal_empty_M.jpg","58_animal_empty_M","58","52_animal_empty_M","animal","empty","M",4,2,52
"665","58_animal_full_null.jpg","58_animal_full_null","58","52_animal_full_null","animal","full","null",4,0,52
"666","58_animal_lowtrans_H.jpg","58_animal_lowtrans_H","58","52_animal_lowtrans_H","animal","lowtrans","H",4,4,52
"667","58_animal_lowtrans_L.jpg","58_animal_lowtrans_L","58","52_animal_lowtrans_L","animal","lowtrans","L",4,4,52
"668","58_animal_lowtrans_M.jpg","58_animal_lowtrans_M","58","52_animal_lowtrans_M","animal","lowtrans","M",4,4,52
"669","58_animal_trans_H.jpg","58_animal_trans_H","58","52_animal_trans_H","animal","trans","H",4,3,52
"670","58_animal_trans_L.jpg","58_animal_trans_L","58","52_animal_trans_L","animal","trans","L",4,3,52
"671","58_animal_trans_M.jpg","58_animal_trans_M","58","52_animal_trans_M","animal","trans","M",4,3,52
"672","65_animal_box_null.jpg","65_animal_box_null","65","56_animal_box_null","animal","box","null",4,1,56
"673","65_animal_empty_H.jpg","65_animal_empty_H","65","56_animal_empty_H","animal","empty","H",4,2,56
"674","65_animal_empty_L.jpg","65_animal_empty_L","65","56_animal_empty_L","animal","empty","L",4,2,56
"675","65_animal_empty_M.jpg","65_animal_empty_M","65","56_animal_empty_M","animal","empty","M",4,2,56
"676","65_animal_full_null.jpg","65_animal_full_null","65","56_animal_full_null","animal","full","null",4,0,56
"677","65_animal_lowtrans_H.jpg","65_animal_lowtrans_H","65","56_animal_lowtrans_H","animal","lowtrans","H",4,4,56
"678","65_animal_lowtrans_L.jpg","65_animal_lowtrans_L","65","56_animal_lowtrans_L","animal","lowtrans","L",4,4,56
"679","65_animal_lowtrans_M.jpg","65_animal_lowtrans_M","65","56_animal_lowtrans_M","animal","lowtrans","M",4,4,56
"680","65_animal_trans_H.jpg","65_animal_trans_H","65","56_animal_trans_H","animal","trans","H",4,3,56
"681","65_animal_trans_L.jpg","65_animal_trans_L","65","56_animal_trans_L","animal","trans","L",4,3,56
"682","65_animal_trans_M.jpg","65_animal_trans_M","65","56_animal_trans_M","animal","trans","M",4,3,56
"683","66_animal_box_null.jpg","66_animal_box_null","66","60_animal_box_null","animal","box","null",4,1,60
"684","66_animal_empty_H.jpg","66_animal_empty_H","66","60_animal_empty_H","animal","empty","H",4,2,60
"685","66_animal_empty_L.jpg","66_animal_empty_L","66","60_animal_empty_L","animal","empty","L",4,2,60
"686","66_animal_empty_M.jpg","66_animal_empty_M","66","60_animal_empty_M","animal","empty","M",4,2,60
"687","66_animal_full_null.jpg","66_animal_full_null","66","60_animal_full_null","animal","full","null",4,0,60
"688","66_animal_lowtrans_H.jpg","66_animal_lowtrans_H","66","60_animal_lowtrans_H","animal","lowtrans","H",4,4,60
"689","66_animal_lowtrans_L.jpg","66_animal_lowtrans_L","66","60_animal_lowtrans_L","animal","lowtrans","L",4,4,60
"690","66_animal_lowtrans_M.jpg","66_animal_lowtrans_M","66","60_animal_lowtrans_M","animal","lowtrans","M",4,4,60
"691","66_animal_trans_H.jpg","66_animal_trans_H","66","60_animal_trans_H","animal","trans","H",4,3,60
"692","66_animal_trans_L.jpg","66_animal_trans_L","66","60_animal_trans_L","animal","trans","L",4,3,60
"693","66_animal_trans_M.jpg","66_animal_trans_M","66","60_animal_trans_M","animal","trans","M",4,3,60
"694","78_animal_box_null.jpg","78_animal_box_null","78","64_animal_box_null","animal","box","null",4,1,64
"695","78_animal_empty_H.jpg","78_animal_empty_H","78","64_animal_empty_H","animal","empty","H",4,2,64
"696","78_animal_empty_L.jpg","78_animal_empty_L","78","64_animal_empty_L","animal","empty","L",4,2,64
"697","78_animal_empty_M.jpg","78_animal_empty_M","78","64_animal_empty_M","animal","empty","M",4,2,64
"698","78_animal_full_null.jpg","78_animal_full_null","78","64_animal_full_null","animal","full","null",4,0,64
"699","78_animal_lowtrans_H.jpg","78_animal_lowtrans_H","78","64_animal_lowtrans_H","animal","lowtrans","H",4,4,64
"700","78_animal_lowtrans_L.jpg","78_animal_lowtrans_L","78","64_animal_lowtrans_L","animal","lowtrans","L",4,4,64
"701","78_animal_lowtrans_M.jpg","78_animal_lowtrans_M","78","64_animal_lowtrans_M","animal","lowtrans","M",4,4,64
"702","78_animal_trans_H.jpg","78_animal_trans_H","78","64_animal_trans_H","animal","trans","H",4,3,64
"703","78_animal_trans_L.jpg","78_animal_trans_L","78","64_animal_trans_L","animal","trans","L",4,3,64
"704","78_animal_trans_M.jpg","78_animal_trans_M","78","64_animal_trans_M","animal","trans","M",4,3,64
